time,NozGapOpen,NozGapClose,FanSpeed,EngineFuelRateTMSCS,TotalFuelConsumption
12:05:16.100,0.0,0.0,0.0,0.0,2578.15
12:05:16.200,0.0,0.0,0.0,0.0,2578.15
12:05:16.300,0.0,0.0,0.0,0.0,2578.15
12:05:16.400,0.0,0.0,0.0,0.0,2578.15
12:05:16.500,0.0,0.0,0.0,0.0,2578.15
12:05:16.500,0.0,0.0,0.0,0.0,2578.15
12:05:16.600,0.0,0.0,0.0,0.0,2578.15
12:05:16.700,0.0,0.0,0.0,0.0,2578.15
12:05:16.800,0.0,0.0,0.0,0.0,2578.15
12:05:16.900,0.0,0.0,0.0,0.0,2578.15
12:05:17.000,0.0,0.0,0.0,0.0,2578.15
12:05:17.100,0.0,0.0,0.0,0.0,2578.15
12:05:17.200,0.0,0.0,0.0,0.0,2578.15
12:05:17.300,0.0,0.0,0.0,0.0,2578.15
12:05:17.400,0.0,0.0,0.0,0.0,2578.15
12:05:17.500,0.0,0.0,0.0,0.0,2578.15
12:05:17.600,0.0,0.0,0.0,0.0,2578.15
12:05:17.700,0.0,0.0,0.0,0.0,2578.15
12:05:17.800,0.0,0.0,0.0,0.0,2578.15
12:05:17.900,0.0,0.0,0.0,0.0,2578.15
12:05:18.000,0.0,0.0,0.0,0.0,2578.15
12:05:18.100,0.0,0.0,0.0,0.0,2578.15
12:05:18.200,0.0,0.0,0.0,0.0,2578.15
12:05:18.300,0.0,0.0,0.0,0.0,2578.15
12:05:18.400,0.0,0.0,0.0,0.0,2578.15
12:05:18.500,0.0,0.0,0.0,0.0,2578.15
12:05:18.600,0.0,0.0,0.0,0.0,2578.15
12:05:18.700,0.0,0.0,0.0,0.0,2578.15
12:05:18.800,0.0,0.0,0.0,0.0,2578.15
12:05:18.900,0.0,0.0,0.0,0.0,2578.15
12:05:19.000,0.0,0.0,0.0,0.0,2578.15
12:05:19.100,0.0,0.0,0.0,0.0,2578.15
12:05:19.200,0.0,0.0,0.0,0.0,2578.15
12:05:19.300,0.0,0.0,0.0,0.0,2578.15
12:05:19.400,0.0,0.0,0.0,0.0,2578.15
12:05:19.500,0.0,0.0,0.0,0.0,2578.15
12:05:19.600,0.0,0.0,0.0,0.0,2578.15
12:05:19.700,0.0,0.0,0.0,0.0,2578.15
12:05:19.800,0.0,0.0,0.0,0.0,2578.15
12:05:19.900,0.0,0.0,0.0,0.0,2578.15
12:05:20.000,0.0,0.0,0.0,0.0,2578.15
12:05:20.100,0.0,0.0,0.0,0.0,2578.15
12:05:20.200,0.0,0.0,0.0,0.0,2578.15
12:05:20.300,0.0,0.0,0.0,0.0,2578.15
12:05:20.400,0.0,0.0,0.0,0.0,2578.15
12:05:20.500,0.0,0.0,0.0,0.0,2578.15
12:05:20.600,0.0,0.0,0.0,0.0,2578.15
12:05:20.700,0.0,0.0,0.0,0.0,2578.15
12:05:20.800,0.0,0.0,0.0,0.0,2578.15
12:05:20.900,0.0,0.0,0.0,0.0,2578.15
12:05:21.000,0.0,0.0,0.0,0.0,2578.15
12:05:21.100,0.0,0.0,0.0,0.0,2578.15
12:05:21.200,0.0,0.0,0.0,0.0,2578.15
12:05:21.300,0.0,0.0,0.0,0.0,2578.15
12:05:21.400,0.0,0.0,0.0,0.0,2578.15
12:05:21.500,0.0,0.0,0.0,0.0,2578.15
12:05:21.600,0.0,0.0,0.0,0.0,2578.15
12:05:21.700,0.0,0.0,0.0,0.0,2578.15
12:05:21.800,0.0,0.0,0.0,0.0,2578.15
12:05:21.900,0.0,0.0,0.0,0.0,2578.15
12:05:22.000,0.0,0.0,0.0,0.0,2578.15
12:05:22.100,0.0,0.0,0.0,0.0,2578.15
12:05:22.200,0.0,0.0,0.0,0.0,2578.15
12:05:22.300,0.0,0.0,0.0,0.0,2578.15
12:05:22.400,0.0,0.0,0.0,0.0,2578.15
12:05:22.500,0.0,0.0,0.0,0.0,2578.15
12:05:22.600,0.0,0.0,0.0,0.0,2578.15
12:05:22.700,0.0,0.0,0.0,0.0,2578.15
12:05:22.800,0.0,0.0,0.0,0.0,2578.15
12:05:22.900,0.0,0.0,0.0,0.0,2578.15
12:05:23.000,0.0,0.0,0.0,0.0,2578.15
12:05:23.100,0.0,0.0,0.0,0.0,2578.15
12:05:23.200,0.0,0.0,0.0,0.0,2578.15
12:05:23.300,0.0,0.0,0.0,0.0,2578.15
12:05:23.400,0.0,0.0,0.0,0.0,2578.15
12:05:23.500,0.0,0.0,0.0,0.0,2578.15
12:05:23.600,0.0,0.0,0.0,0.0,2578.15
12:05:23.700,0.0,0.0,0.0,0.0,2578.15
12:05:23.800,0.0,0.0,0.0,0.0,2578.15
12:05:23.900,0.0,0.0,0.0,0.0,2578.15
12:05:24.000,0.0,0.0,0.0,0.0,2578.15
12:05:24.100,0.0,0.0,0.0,0.0,2578.15
12:05:24.200,0.0,0.0,0.0,0.0,2578.15
12:05:24.300,0.0,0.0,0.0,0.0,2578.15
12:05:24.400,0.0,0.0,0.0,0.0,2578.15
12:05:24.500,0.0,0.0,0.0,0.0,2578.15
12:05:24.600,0.0,0.0,0.0,0.0,2578.15
12:05:24.700,0.0,0.0,0.0,0.0,2578.15
12:05:24.800,0.0,0.0,0.0,0.0,2578.15
12:05:24.900,0.0,0.0,0.0,0.0,2578.15
12:05:25.000,0.0,0.0,0.0,0.0,2578.15
12:05:25.100,0.0,0.0,0.0,0.0,2578.15
12:05:25.200,0.0,0.0,0.0,0.0,2578.15
12:05:25.300,0.0,0.0,0.0,0.0,2578.15
12:05:25.400,0.0,0.0,0.0,0.0,2578.15
12:05:25.500,0.0,0.0,0.0,0.0,2578.15
12:05:25.600,0.0,0.0,0.0,0.0,2578.15
12:05:25.700,0.0,0.0,0.0,0.0,2578.15
12:05:25.800,0.0,0.0,0.0,0.0,2578.15
12:05:25.900,0.0,0.0,0.0,0.0,2578.15
12:05:26.000,0.0,0.0,0.0,0.0,2578.15
12:05:26.100,0.0,0.0,0.0,0.0,2578.15
12:05:26.200,0.0,0.0,0.0,0.0,2578.15
12:05:26.300,0.0,0.0,0.0,0.0,2578.15
12:05:26.400,0.0,0.0,0.0,0.0,2578.15
12:05:26.500,0.0,0.0,0.0,0.0,2578.15
12:05:26.600,0.0,0.0,0.0,0.0,2578.15
12:05:26.700,0.0,0.0,0.0,0.0,2578.15
12:05:26.800,0.0,0.0,0.0,0.0,2578.15
12:05:26.900,0.0,0.0,0.0,0.0,2578.15
12:05:27.000,0.0,0.0,0.0,0.0,2578.15
12:05:27.100,0.0,0.0,0.0,0.0,2578.15
12:05:27.200,0.0,0.0,0.0,0.0,2578.15
12:05:27.300,0.0,0.0,0.0,0.0,2578.15
12:05:27.400,0.0,0.0,0.0,0.0,2578.15
12:05:27.500,0.0,0.0,0.0,0.0,2578.15
12:05:27.600,0.0,0.0,0.0,0.0,2578.15
12:05:27.700,0.0,0.0,0.0,0.0,2578.15
12:05:27.800,0.0,0.0,0.0,0.0,2578.15
12:05:27.900,0.0,0.0,0.0,0.0,2578.15
12:05:28.000,0.0,0.0,0.0,0.0,2578.15
12:05:28.100,0.0,0.0,0.0,0.0,2578.15
12:05:28.200,0.0,0.0,0.0,0.0,2578.15
12:05:28.300,0.0,0.0,0.0,0.0,2578.15
12:05:28.400,0.0,0.0,0.0,0.0,2578.15
12:05:28.500,0.0,0.0,0.0,0.0,2578.15
12:05:28.600,0.0,0.0,0.0,0.0,2578.15
12:05:28.700,0.0,0.0,0.0,0.0,2578.15
12:05:28.800,0.0,0.0,0.0,0.0,2578.15
12:05:28.900,0.0,0.0,0.0,0.0,2578.15
12:05:29.000,0.0,0.0,0.0,0.0,2578.15
12:05:29.100,0.0,0.0,0.0,0.0,2578.15
12:05:29.200,0.0,0.0,0.0,0.0,2578.15
12:05:29.300,0.0,0.0,0.0,0.0,2578.15
12:05:29.400,0.0,0.0,0.0,0.0,2578.15
12:05:29.500,0.0,0.0,0.0,0.0,2578.15
12:05:29.600,0.0,0.0,0.0,0.0,2578.15
12:05:29.700,0.0,0.0,0.0,0.0,2578.15
12:05:29.800,0.0,0.0,0.0,0.0,2578.15
12:05:29.900,0.0,0.0,0.0,0.0,2578.15
12:05:30.000,0.0,0.0,0.0,0.0,2578.15
12:05:30.100,0.0,0.0,0.0,0.0,2578.15
12:05:30.200,0.0,0.0,0.0,0.0,2578.15
12:05:30.300,0.0,0.0,0.0,0.0,2578.15
12:05:30.400,0.0,0.0,0.0,0.0,2578.15
12:05:30.500,0.0,0.0,0.0,0.0,2578.15
12:05:30.600,0.0,0.0,0.0,0.0,2578.15
12:05:30.700,0.0,0.0,0.0,0.0,2578.15
12:05:30.800,0.0,0.0,0.0,0.0,2578.15
12:05:30.900,0.0,0.0,0.0,0.0,2578.15
12:05:31.000,0.0,0.0,0.0,0.0,2578.15
12:05:31.100,0.0,0.0,0.0,0.0,2578.15
12:05:31.200,0.0,0.0,0.0,0.0,2578.15
12:05:31.300,0.0,0.0,0.0,0.0,2578.15
12:05:31.400,0.0,0.0,0.0,0.0,2578.15
12:05:31.500,0.0,0.0,0.0,0.0,2578.15
12:05:31.600,0.0,0.0,0.0,0.0,2578.15
12:05:31.700,0.0,0.0,0.0,0.0,2578.15
12:05:31.800,0.0,0.0,0.0,0.0,2578.15
12:05:31.900,0.0,0.0,0.0,0.0,2578.15
12:05:32.000,0.0,0.0,0.0,0.0,2578.15
12:05:32.100,0.0,0.0,0.0,0.0,2578.15
12:05:32.200,0.0,0.0,0.0,0.0,2578.15
12:05:32.300,0.0,0.0,0.0,0.0,2578.15
12:05:32.400,0.0,0.0,0.0,0.0,2578.15
12:05:32.500,0.0,0.0,0.0,0.0,2578.15
12:05:32.600,0.0,0.0,0.0,0.0,2578.15
12:05:32.700,0.0,0.0,0.0,0.0,2578.15
12:05:32.800,0.0,0.0,0.0,0.0,2578.15
12:05:32.900,0.0,0.0,0.0,0.0,2578.15
12:05:33.000,0.0,0.0,0.0,0.0,2578.15
12:05:33.100,0.0,0.0,0.0,0.0,2578.15
12:05:33.200,0.0,0.0,0.0,0.0,2578.15
12:05:33.300,0.0,0.0,0.0,0.0,2578.15
12:05:33.400,0.0,0.0,0.0,0.0,2578.15
12:05:33.500,0.0,0.0,0.0,0.0,2578.15
12:05:33.600,0.0,0.0,0.0,0.0,2578.15
12:05:33.700,0.0,0.0,0.0,0.0,2578.15
12:05:33.800,0.0,0.0,0.0,0.0,2578.15
12:05:33.900,0.0,0.0,0.0,0.0,2578.15
12:05:34.000,0.0,0.0,0.0,0.0,2578.15
12:05:34.100,0.0,0.0,0.0,0.0,2578.15
12:05:34.200,0.0,0.0,0.0,0.0,2578.15
12:05:34.300,0.0,0.0,0.0,0.0,2578.15
12:05:34.400,0.0,0.0,0.0,0.0,2578.15
12:05:34.500,0.0,0.0,0.0,0.0,2578.15
12:05:34.600,0.0,0.0,0.0,0.0,2578.15
12:05:34.700,0.0,0.0,0.0,0.0,2578.15
12:05:34.800,0.0,0.0,0.0,0.0,2578.15
12:05:34.900,0.0,0.0,0.0,0.0,2578.15
12:05:35.000,0.0,0.0,0.0,0.0,2578.15
12:05:35.100,0.0,0.0,0.0,0.0,2578.15
12:05:35.200,0.0,0.0,0.0,0.0,2578.15
12:05:35.300,0.0,0.0,0.0,0.0,2578.15
12:05:35.400,0.0,0.0,0.0,0.0,2578.15
12:05:35.500,0.0,0.0,0.0,0.0,2578.15
12:05:35.600,0.0,0.0,0.0,0.0,2578.15
12:05:35.700,0.0,0.0,0.0,0.0,2578.15
12:05:35.800,0.0,0.0,0.0,0.0,2578.15
12:05:35.900,0.0,0.0,0.0,0.0,2578.15
12:05:36.000,0.0,0.0,0.0,0.0,2578.15
12:05:36.100,0.0,0.0,0.0,0.0,2578.15
12:05:36.200,0.0,0.0,0.0,0.0,2578.15
12:05:36.300,0.0,0.0,0.0,0.0,2578.15
12:05:36.400,0.0,0.0,0.0,0.0,2578.15
12:05:36.500,0.0,0.0,0.0,0.0,2578.15
12:05:36.600,0.0,0.0,0.0,0.0,2578.15
12:05:36.700,0.0,0.0,0.0,0.0,2578.15
12:05:36.800,0.0,0.0,0.0,0.0,2578.15
12:05:36.900,0.0,0.0,0.0,0.0,2578.15
12:05:37.000,0.0,0.0,0.0,0.0,2578.15
12:05:37.100,0.0,0.0,0.0,0.0,2578.15
12:05:37.200,0.0,0.0,0.0,0.0,2578.15
12:05:37.300,0.0,0.0,0.0,0.0,2578.15
12:05:37.400,0.0,0.0,0.0,0.0,2578.15
12:05:37.500,0.0,0.0,0.0,0.0,2578.15
12:05:37.600,0.0,0.0,0.0,0.0,2578.15
12:05:37.700,0.0,0.0,0.0,0.0,2578.15
12:05:37.800,0.0,0.0,0.0,0.0,2578.15
12:05:37.900,0.0,0.0,0.0,0.0,2578.15
12:05:38.000,0.0,0.0,0.0,0.0,2578.15
12:05:38.100,0.0,0.0,0.0,0.0,2578.15
12:05:38.200,0.0,0.0,0.0,0.0,2578.15
12:05:38.300,0.0,0.0,0.0,0.0,2578.15
12:05:38.400,0.0,0.0,0.0,0.0,2578.15
12:05:38.500,0.0,0.0,0.0,0.0,2578.15
12:05:38.600,0.0,0.0,0.0,0.0,2578.15
12:05:38.700,0.0,0.0,0.0,0.0,2578.15
12:05:38.800,0.0,0.0,0.0,0.0,2578.15
12:05:38.900,0.0,0.0,0.0,0.0,2578.15
12:05:39.000,0.0,0.0,0.0,0.0,2578.15
12:05:39.100,0.0,0.0,0.0,0.0,2578.15
12:05:39.200,0.0,0.0,0.0,0.0,2578.15
12:05:39.300,0.0,0.0,0.0,0.0,2578.15
12:05:39.400,0.0,0.0,0.0,0.0,2578.15
12:05:39.500,0.0,0.0,0.0,0.0,2578.15
12:05:39.600,0.0,0.0,0.0,0.0,2578.15
12:05:39.700,0.0,0.0,0.0,0.0,2578.15
12:05:39.800,0.0,0.0,0.0,0.0,2578.15
12:05:39.900,0.0,0.0,0.0,0.0,2578.15
12:05:40.000,0.0,0.0,0.0,0.0,2578.15
12:05:40.100,0.0,0.0,0.0,0.0,2578.15
12:05:40.200,0.0,0.0,0.0,0.0,2578.15
12:05:40.300,0.0,0.0,0.0,0.0,2578.15
12:05:40.400,0.0,0.0,0.0,0.0,2578.15
12:05:40.500,0.0,0.0,0.0,0.0,2578.15
12:05:40.600,0.0,0.0,0.0,0.0,2578.15
12:05:40.700,0.0,0.0,0.0,0.0,2578.15
12:05:40.800,0.0,0.0,0.0,0.0,2578.15
12:05:40.900,0.0,0.0,0.0,0.0,2578.15
12:05:41.000,0.0,0.0,0.0,0.0,2578.15
12:05:41.100,0.0,0.0,0.0,0.0,2578.15
12:05:41.200,0.0,0.0,0.0,0.0,2578.15
12:05:41.300,0.0,0.0,0.0,0.0,2578.15
12:05:41.400,0.0,0.0,0.0,0.0,2578.15
12:05:41.500,0.0,0.0,0.0,0.0,2578.15
12:05:41.600,0.0,0.0,0.0,0.0,2578.15
12:05:41.700,0.0,0.0,0.0,0.0,2578.15
12:05:41.800,0.0,0.0,0.0,0.0,2578.15
12:05:41.900,0.0,0.0,0.0,0.0,2578.15
12:05:42.000,0.0,0.0,0.0,0.0,2578.15
12:05:42.100,0.0,0.0,0.0,0.0,2578.15
12:05:42.200,0.0,0.0,0.0,0.0,2578.15
12:05:42.300,0.0,0.0,0.0,0.0,2578.15
12:05:42.400,0.0,0.0,0.0,0.0,2578.15
12:05:42.500,0.0,0.0,0.0,0.0,2578.15
12:05:42.600,0.0,0.0,0.0,0.0,2578.15
12:05:42.700,0.0,0.0,0.0,0.0,2578.15
12:05:42.800,0.0,0.0,0.0,0.0,2578.15
12:05:42.900,0.0,0.0,0.0,0.0,2578.15
12:05:43.000,0.0,0.0,0.0,0.0,2578.15
12:05:43.100,0.0,0.0,0.0,0.0,2578.15
12:05:43.200,0.0,0.0,0.0,0.0,2578.15
12:05:43.300,0.0,0.0,0.0,0.0,2578.15
12:05:43.400,0.0,0.0,0.0,0.0,2578.15
12:05:43.500,0.0,0.0,0.0,0.0,2578.15
12:05:43.600,0.0,0.0,0.0,0.0,2578.15
12:05:43.700,0.0,0.0,0.0,0.0,2578.15
12:05:43.800,0.0,0.0,0.0,0.0,2578.15
12:05:43.900,0.0,0.0,0.0,0.0,2578.15
12:05:44.000,0.0,0.0,0.0,0.0,2578.15
12:05:44.100,0.0,0.0,0.0,0.0,2578.15
12:05:44.200,0.0,0.0,0.0,0.0,2578.15
12:05:44.300,0.0,0.0,0.0,0.0,2578.15
12:05:44.400,0.0,0.0,0.0,0.0,2578.15
12:05:44.500,0.0,0.0,0.0,0.0,2578.15
12:05:44.600,0.0,0.0,0.0,0.0,2578.15
12:05:44.700,0.0,0.0,0.0,0.0,2578.15
12:05:44.800,0.0,0.0,0.0,0.0,2578.15
12:05:44.900,0.0,0.0,0.0,0.0,2578.15
12:05:45.000,0.0,0.0,0.0,0.0,2578.15
12:05:45.100,0.0,0.0,0.0,0.0,2578.15
12:05:45.200,0.0,0.0,0.0,0.0,2578.15
12:05:45.300,0.0,0.0,0.0,0.0,2578.15
12:05:45.400,0.0,0.0,0.0,0.0,2578.15
12:05:45.500,0.0,0.0,0.0,0.0,2578.15
12:05:45.600,0.0,0.0,0.0,0.0,2578.15
12:05:45.700,0.0,0.0,0.0,0.0,2578.15
12:05:45.800,0.0,0.0,0.0,0.0,2578.15
12:05:45.900,0.0,0.0,0.0,0.0,2578.15
12:05:46.000,0.0,0.0,0.0,0.0,2578.15
12:05:46.100,0.0,0.0,0.0,0.0,2578.15
12:05:46.200,0.0,0.0,0.0,0.0,2578.15
12:05:46.300,0.0,0.0,0.0,0.0,2578.15
12:05:46.400,0.0,0.0,0.0,0.0,2578.15
12:05:46.500,0.0,0.0,0.0,0.0,2578.15
12:05:46.600,0.0,0.0,0.0,0.0,2578.15
12:05:46.700,0.0,0.0,0.0,0.0,2578.15
12:05:46.800,0.0,0.0,0.0,0.0,2578.15
12:05:46.900,0.0,0.0,0.0,0.0,2578.15
12:05:47.000,0.0,0.0,0.0,0.0,2578.15
12:05:47.100,0.0,0.0,0.0,0.0,2578.15
12:05:47.200,0.0,0.0,0.0,0.0,2578.15
12:05:47.300,0.0,0.0,0.0,0.0,2578.15
12:05:47.400,0.0,0.0,0.0,0.0,2578.15
12:05:47.500,0.0,0.0,0.0,0.0,2578.15
12:05:47.600,0.0,0.0,0.0,0.0,2578.15
12:05:47.700,0.0,0.0,0.0,0.0,2578.15
12:05:47.800,0.0,0.0,0.0,0.0,2578.15
12:05:47.900,0.0,0.0,0.0,0.0,2578.15
12:05:48.000,0.0,0.0,0.0,0.0,2578.15
12:05:48.100,0.0,0.0,0.0,0.0,2578.15
12:05:48.200,0.0,0.0,0.0,0.0,2578.15
12:05:48.300,0.0,0.0,0.0,0.0,2578.15
12:05:48.400,0.0,0.0,0.0,0.0,2578.15
12:05:48.500,0.0,0.0,0.0,0.0,2578.15
12:05:48.600,0.0,0.0,0.0,0.0,2578.15
12:05:48.700,0.0,0.0,0.0,0.0,2578.15
12:05:48.800,0.0,0.0,0.0,0.0,2578.15
12:05:48.900,0.0,0.0,0.0,0.0,2578.15
12:05:49.000,0.0,0.0,0.0,0.0,2578.15
12:05:49.100,0.0,0.0,0.0,0.0,2578.15
12:05:49.200,0.0,0.0,0.0,0.0,2578.15
12:05:49.300,0.0,0.0,0.0,0.0,2578.15
12:05:49.400,0.0,0.0,0.0,0.0,2578.15
12:05:49.500,0.0,0.0,0.0,0.0,2578.15
12:05:49.600,0.0,0.0,0.0,0.0,2578.15
12:05:49.700,0.0,0.0,0.0,0.0,2578.15
12:05:49.800,0.0,0.0,0.0,0.0,2578.15
12:05:49.900,0.0,0.0,0.0,0.0,2578.15
12:05:50.000,0.0,0.0,0.0,0.0,2578.15
12:05:50.100,0.0,0.0,0.0,0.0,2578.15
12:05:50.200,0.0,0.0,0.0,0.0,2578.15
12:05:50.300,0.0,0.0,0.0,0.0,2578.15
12:05:50.400,0.0,0.0,0.0,0.0,2578.15
12:05:50.500,0.0,0.0,0.0,0.0,2578.15
12:05:50.600,0.0,0.0,0.0,0.0,2578.15
12:05:50.700,0.0,0.0,0.0,0.0,2578.15
12:05:50.800,0.0,0.0,0.0,0.0,2578.15
12:05:50.900,0.0,0.0,0.0,0.0,2578.15
12:05:51.000,0.0,0.0,0.0,0.0,2578.15
12:05:51.100,0.0,0.0,0.0,0.0,2578.15
12:05:51.200,0.0,0.0,0.0,0.0,2578.15
12:05:51.300,0.0,0.0,0.0,0.0,2578.15
12:05:51.400,0.0,0.0,0.0,0.0,2578.15
12:05:51.500,0.0,0.0,0.0,0.0,2578.15
12:05:51.600,0.0,0.0,0.0,0.0,2578.15
12:05:51.700,0.0,0.0,0.0,0.0,2578.15
12:05:51.800,0.0,0.0,0.0,0.0,2578.15
12:05:51.900,0.0,0.0,0.0,0.0,2578.15
12:05:52.000,0.0,0.0,0.0,0.0,2578.15
12:05:52.100,0.0,0.0,0.0,0.0,2578.15
12:05:52.200,0.0,0.0,0.0,0.0,2578.15
12:05:52.300,0.0,0.0,0.0,0.0,2578.15
12:05:52.400,0.0,0.0,0.0,0.0,2578.15
12:05:52.500,0.0,0.0,0.0,0.0,2578.15
12:05:52.600,0.0,0.0,0.0,0.0,2578.15
12:05:52.700,0.0,0.0,0.0,0.0,2578.15
12:05:52.800,0.0,0.0,0.0,0.0,2578.15
12:05:52.900,0.0,0.0,0.0,0.0,2578.15
12:05:53.000,0.0,0.0,0.0,0.0,2578.15
12:05:53.100,0.0,0.0,0.0,0.0,2578.15
12:05:53.200,0.0,0.0,0.0,0.0,2578.15
12:05:53.300,0.0,0.0,0.0,0.0,2578.15
12:05:53.400,0.0,0.0,0.0,0.0,2578.15
12:05:53.500,0.0,0.0,0.0,0.0,2578.15
12:05:53.600,0.0,0.0,0.0,0.0,2578.15
12:05:53.700,0.0,0.0,0.0,0.0,2578.15
12:05:53.800,0.0,0.0,0.0,0.0,2578.15
12:05:53.900,0.0,0.0,0.0,0.0,2578.15
12:05:54.000,0.0,0.0,0.0,0.0,2578.15
12:05:54.100,0.0,0.0,0.0,0.0,2578.15
12:05:54.200,0.0,0.0,0.0,0.0,2578.15
12:05:54.300,0.0,0.0,0.0,0.0,2578.15
12:05:54.400,0.0,0.0,0.0,0.0,2578.15
12:05:54.500,0.0,0.0,0.0,0.0,2578.15
12:05:54.600,0.0,0.0,0.0,0.0,2578.15
12:05:54.700,0.0,0.0,0.0,0.0,2578.15
12:05:54.800,0.0,0.0,0.0,0.0,2578.15
12:05:54.900,0.0,0.0,0.0,0.0,2578.15
12:05:55.000,0.0,0.0,0.0,0.0,2578.15
12:05:55.100,0.0,0.0,0.0,0.0,2578.15
12:05:55.200,0.0,0.0,0.0,0.0,2578.15
12:05:55.300,0.0,0.0,0.0,0.0,2578.15
12:05:55.400,0.0,0.0,0.0,0.0,2578.15
12:05:55.500,0.0,0.0,0.0,0.0,2578.15
12:05:55.600,0.0,0.0,0.0,0.0,2578.15
12:05:55.700,0.0,0.0,0.0,0.0,2578.15
12:05:55.800,0.0,0.0,0.0,0.0,2578.15
12:05:55.900,0.0,0.0,0.0,0.0,2578.15
12:05:56.000,0.0,0.0,0.0,0.0,2578.15
12:05:56.100,0.0,0.0,0.0,0.0,2578.15
12:05:56.200,0.0,0.0,0.0,0.0,2578.15
12:05:56.300,0.0,0.0,0.0,0.0,2578.15
12:05:56.400,0.0,0.0,0.0,0.0,2578.15
12:05:56.500,0.0,0.0,0.0,0.0,2578.15
12:05:56.600,0.0,0.0,0.0,0.0,2578.15
12:05:56.700,0.0,0.0,0.0,0.0,2578.15
12:05:56.800,0.0,0.0,0.0,0.0,2578.15
12:05:56.900,0.0,0.0,0.0,0.0,2578.15
12:05:57.000,0.0,0.0,0.0,0.0,2578.15
12:05:57.100,0.0,0.0,0.0,0.0,2578.15
12:05:57.200,0.0,0.0,0.0,0.0,2578.15
12:05:57.300,0.0,0.0,0.0,0.0,2578.15
12:05:57.400,0.0,0.0,0.0,0.0,2578.15
12:05:57.500,0.0,0.0,0.0,0.0,2578.15
12:05:57.600,0.0,0.0,0.0,0.0,2578.15
12:05:57.700,0.0,0.0,0.0,0.0,2578.15
12:05:57.800,0.0,0.0,0.0,0.0,2578.15
12:05:57.900,0.0,0.0,0.0,0.0,2578.15
12:05:58.000,0.0,0.0,0.0,0.0,2578.15
12:05:58.100,0.0,0.0,0.0,0.0,2578.15
12:05:58.200,0.0,0.0,0.0,0.0,2578.15
12:05:58.300,0.0,0.0,0.0,0.0,2578.15
12:05:58.400,0.0,0.0,0.0,0.0,2578.15
12:05:58.500,0.0,0.0,0.0,0.0,2578.15
12:05:58.600,0.0,0.0,0.0,0.0,2578.15
12:05:58.700,0.0,0.0,0.0,0.0,2578.15
12:05:58.800,0.0,0.0,0.0,0.0,2578.15
12:05:58.900,0.0,0.0,0.0,0.0,2578.15
12:05:59.000,0.0,0.0,0.0,0.0,2578.15
12:05:59.100,0.0,0.0,0.0,0.0,2578.15
12:05:59.200,0.0,0.0,0.0,0.0,2578.15
12:05:59.300,0.0,0.0,0.0,0.0,2578.15
12:05:59.400,0.0,0.0,0.0,0.0,2578.15
12:05:59.500,0.0,0.0,0.0,0.0,2578.15
12:05:59.600,0.0,0.0,0.0,0.0,2578.15
12:05:59.700,0.0,0.0,0.0,0.0,2578.15
12:05:59.800,0.0,0.0,0.0,0.0,2578.15
12:05:59.900,0.0,0.0,0.0,0.0,2578.15
12:06:00.000,0.0,0.0,0.0,0.0,2578.15
12:06:00.100,0.0,0.0,0.0,0.0,2578.15
12:06:00.200,0.0,0.0,0.0,0.0,2578.15
12:06:00.300,0.0,0.0,0.0,0.0,2578.15
12:06:00.400,0.0,0.0,0.0,0.0,2578.15
12:06:00.500,0.0,0.0,0.0,0.0,2578.15
12:06:00.600,0.0,0.0,0.0,0.0,2578.15
12:06:00.700,0.0,0.0,0.0,0.0,2578.15
12:06:00.800,0.0,0.0,0.0,0.0,2578.15
12:06:00.900,0.0,0.0,0.0,0.0,2578.15
12:06:01.000,0.0,0.0,0.0,0.0,2578.15
12:06:01.100,0.0,0.0,0.0,0.0,2578.15
12:06:01.200,0.0,0.0,0.0,0.0,2578.15
12:06:01.300,0.0,0.0,0.0,0.0,2578.15
12:06:01.400,0.0,0.0,0.0,0.0,2578.15
12:06:01.500,0.0,0.0,0.0,0.0,2578.15
12:06:01.600,0.0,0.0,0.0,0.0,2578.15
12:06:01.700,0.0,0.0,0.0,0.0,2578.15
12:06:01.800,0.0,0.0,0.0,0.0,2578.15
12:06:01.900,0.0,0.0,0.0,0.0,2578.15
12:06:02.000,0.0,0.0,0.0,0.0,2578.15
12:06:02.100,0.0,0.0,0.0,0.0,2578.15
12:06:02.200,0.0,0.0,0.0,0.0,2578.15
12:06:02.300,0.0,0.0,0.0,0.0,2578.15
12:06:02.400,0.0,0.0,0.0,0.0,2578.15
12:06:02.500,0.0,0.0,0.0,0.0,2578.15
12:06:02.600,0.0,0.0,0.0,0.0,2578.15
12:06:02.700,0.0,0.0,0.0,0.0,2578.15
12:06:02.800,0.0,0.0,0.0,0.0,2578.15
12:06:02.900,0.0,0.0,0.0,0.0,2578.15
12:06:03.000,0.0,0.0,0.0,0.0,2578.15
12:06:03.100,0.0,0.0,0.0,0.0,2578.15
12:06:03.200,0.0,0.0,0.0,0.0,2578.15
12:06:03.300,0.0,0.0,0.0,0.0,2578.15
12:06:03.400,0.0,0.0,0.0,0.0,2578.15
12:06:03.500,0.0,0.0,0.0,0.0,2578.15
12:06:03.600,0.0,0.0,0.0,0.0,2578.15
12:06:03.700,0.0,0.0,0.0,0.0,2578.15
12:06:03.800,0.0,0.0,0.0,0.0,2578.15
12:06:03.900,0.0,0.0,0.0,0.0,2578.15
12:06:04.000,0.0,0.0,0.0,0.0,2578.15
12:06:04.100,0.0,0.0,0.0,0.0,2578.15
12:06:04.200,0.0,0.0,0.0,0.0,2578.15
12:06:04.300,0.0,0.0,0.0,0.0,2578.15
12:06:04.400,0.0,0.0,0.0,0.0,2578.15
12:06:04.500,0.0,0.0,0.0,0.0,2578.15
12:06:04.600,0.0,0.0,0.0,0.0,2578.15
12:06:04.700,0.0,0.0,0.0,0.0,2578.15
12:06:04.800,0.0,0.0,0.0,0.0,2578.15
12:06:04.900,0.0,0.0,0.0,0.0,2578.15
12:06:05.000,0.0,0.0,0.0,0.0,2578.15
12:06:05.100,0.0,0.0,0.0,0.0,2578.15
12:06:05.200,0.0,0.0,0.0,0.0,2578.15
12:06:05.300,0.0,0.0,0.0,0.0,2578.15
12:06:05.400,0.0,0.0,0.0,0.0,2578.15
12:06:05.500,0.0,0.0,0.0,0.0,2578.15
12:06:05.600,0.0,0.0,0.0,0.0,2578.15
12:06:05.700,0.0,0.0,0.0,0.0,2578.15
12:06:05.800,0.0,0.0,0.0,0.0,2578.15
12:06:05.900,0.0,0.0,0.0,0.0,2578.15
12:06:06.000,0.0,0.0,0.0,0.0,2578.15
12:06:06.100,0.0,0.0,0.0,0.0,2578.15
12:06:06.200,0.0,0.0,0.0,0.0,2578.15
12:06:06.300,0.0,0.0,0.0,0.0,2578.15
12:06:06.400,0.0,0.0,0.0,0.0,2578.15
12:06:06.500,0.0,0.0,0.0,0.0,2578.15
12:06:06.600,0.0,0.0,0.0,0.0,2578.15
12:06:06.700,0.0,0.0,0.0,0.0,2578.15
12:06:06.800,0.0,0.0,0.0,0.0,2578.15
12:06:06.900,0.0,0.0,0.0,0.0,2578.15
12:06:07.000,0.0,0.0,0.0,0.0,2578.15
12:06:07.100,0.0,0.0,0.0,0.0,2578.15
12:06:07.200,0.0,0.0,0.0,0.0,2578.15
12:06:07.300,0.0,0.0,0.0,0.0,2578.15
12:06:07.400,0.0,0.0,0.0,0.0,2578.15
12:06:07.500,0.0,0.0,0.0,0.0,2578.15
12:06:07.600,0.0,0.0,0.0,0.0,2578.15
12:06:07.700,0.0,0.0,0.0,0.0,2578.15
12:06:07.800,0.0,0.0,0.0,0.0,2578.15
12:06:07.900,0.0,0.0,0.0,0.0,2578.15
12:06:08.000,0.0,0.0,0.0,0.0,2578.15
12:06:08.100,0.0,0.0,0.0,0.0,2578.15
12:06:08.200,0.0,0.0,0.0,0.0,2578.15
12:06:08.300,0.0,0.0,0.0,0.0,2578.15
12:06:08.400,0.0,0.0,0.0,0.0,2578.15
12:06:08.500,0.0,0.0,0.0,0.0,2578.15
12:06:08.600,0.0,0.0,0.0,0.0,2578.15
12:06:08.700,0.0,0.0,0.0,0.0,2578.15
12:06:08.800,0.0,0.0,0.0,0.0,2578.15
12:06:08.900,0.0,0.0,0.0,0.0,2578.15
12:06:09.000,0.0,0.0,0.0,0.0,2578.15
12:06:09.100,0.0,0.0,0.0,0.0,2578.15
12:06:09.200,0.0,0.0,0.0,0.0,2578.15
12:06:09.300,0.0,0.0,0.0,0.0,2578.15
12:06:09.400,0.0,0.0,0.0,0.0,2578.15
12:06:09.500,0.0,0.0,0.0,0.0,2578.15
12:06:09.600,0.0,0.0,0.0,0.0,2578.15
12:06:09.700,0.0,0.0,0.0,0.0,2578.15
12:06:09.800,0.0,0.0,0.0,0.0,2578.15
12:06:09.900,0.0,0.0,0.0,0.0,2578.15
12:06:10.000,0.0,0.0,0.0,0.0,2578.15
12:06:10.100,0.0,0.0,0.0,0.0,2578.15
12:06:10.200,0.0,0.0,0.0,0.0,2578.15
12:06:10.300,0.0,0.0,0.0,0.0,2578.15
12:06:10.400,0.0,0.0,0.0,0.0,2578.15
12:06:10.500,0.0,0.0,0.0,0.0,2578.15
12:06:10.600,0.0,0.0,0.0,0.0,2578.15
12:06:10.700,0.0,0.0,0.0,0.0,2578.15
12:06:10.800,0.0,0.0,0.0,0.0,2578.15
12:06:10.900,0.0,0.0,0.0,0.0,2578.15
12:06:11.000,0.0,0.0,0.0,0.0,2578.15
12:06:11.100,0.0,0.0,0.0,0.0,2578.15
12:06:11.200,0.0,0.0,0.0,0.0,2578.15
12:06:11.300,0.0,0.0,0.0,0.0,2578.15
12:06:11.400,0.0,0.0,0.0,0.0,2578.15
12:06:11.500,0.0,0.0,0.0,0.0,2578.15
12:06:11.600,0.0,0.0,0.0,0.0,2578.15
12:06:11.700,0.0,0.0,0.0,0.0,2578.15
12:06:11.800,0.0,0.0,0.0,0.0,2578.15
12:06:11.900,0.0,0.0,0.0,0.0,2578.15
12:06:12.000,0.0,0.0,0.0,0.0,2578.15
12:06:12.100,0.0,0.0,0.0,0.0,2578.15
12:06:12.200,0.0,0.0,0.0,0.0,2578.15
12:06:12.300,0.0,0.0,0.0,0.0,2578.15
12:06:12.400,0.0,0.0,0.0,0.0,2578.15
12:06:12.500,0.0,0.0,0.0,0.0,2578.15
12:06:12.600,0.0,0.0,0.0,0.0,2578.15
12:06:12.700,0.0,0.0,0.0,0.0,2578.15
12:06:12.800,0.0,0.0,0.0,0.0,2578.15
12:06:12.900,0.0,0.0,0.0,0.0,2578.15
12:06:13.000,0.0,0.0,0.0,0.0,2578.15
12:06:13.100,0.0,0.0,0.0,0.0,2578.15
12:06:13.200,0.0,0.0,0.0,0.0,2578.15
12:06:13.300,0.0,0.0,0.0,0.0,2578.15
12:06:13.400,0.0,0.0,0.0,0.0,2578.15
12:06:13.500,0.0,0.0,0.0,0.0,2578.15
12:06:13.600,0.0,0.0,0.0,0.0,2578.15
12:06:13.700,0.0,0.0,0.0,0.0,2578.15
12:06:13.800,0.0,0.0,0.0,0.0,2578.15
12:06:13.900,0.0,0.0,0.0,0.0,2578.15
12:06:14.000,0.0,0.0,0.0,0.0,2578.15
12:06:14.100,0.0,0.0,0.0,0.0,2578.15
12:06:14.200,0.0,0.0,0.0,0.0,2578.15
12:06:14.300,0.0,0.0,0.0,0.0,2578.15
12:06:14.400,0.0,0.0,0.0,0.0,2578.15
12:06:14.500,0.0,0.0,0.0,0.0,2578.15
12:06:14.600,0.0,0.0,0.0,0.0,2578.15
12:06:14.700,0.0,0.0,0.0,0.0,2578.15
12:06:14.800,0.0,0.0,0.0,0.0,2578.15
12:06:14.900,0.0,0.0,0.0,0.0,2578.15
12:06:15.000,0.0,0.0,0.0,0.0,2578.15
12:06:15.100,0.0,0.0,0.0,0.0,2578.15
12:06:15.200,0.0,0.0,0.0,0.0,2578.15
12:06:15.300,0.0,0.0,0.0,0.0,2578.15
12:06:15.400,0.0,0.0,0.0,0.0,2578.15
12:06:15.500,0.0,0.0,0.0,0.0,2578.15
12:06:15.600,0.0,0.0,0.0,0.0,2578.15
12:06:15.700,0.0,0.0,0.0,0.0,2578.15
12:06:15.800,0.0,0.0,0.0,0.0,2578.15
12:06:15.900,0.0,0.0,0.0,0.0,2578.15
12:06:16.000,0.0,0.0,0.0,0.0,2578.15
12:06:16.100,0.0,0.0,0.0,0.0,2578.15
12:06:16.200,0.0,0.0,0.0,0.0,2578.15
12:06:16.300,0.0,0.0,0.0,0.0,2578.15
12:06:16.400,0.0,0.0,0.0,0.0,2578.15
12:06:16.500,0.0,0.0,0.0,0.0,2578.15
12:06:16.600,0.0,0.0,0.0,0.0,2578.15
12:06:16.700,0.0,0.0,0.0,0.0,2578.15
12:06:16.800,0.0,0.0,0.0,0.0,2578.15
12:06:16.900,0.0,0.0,0.0,0.0,2578.15
12:06:17.000,0.0,0.0,0.0,0.0,2578.15
12:06:17.100,0.0,0.0,0.0,0.0,2578.15
12:06:17.200,0.0,0.0,0.0,0.0,2578.15
12:06:17.300,0.0,0.0,0.0,0.0,2578.15
12:06:17.400,0.0,0.0,0.0,0.0,2578.15
12:06:17.500,0.0,0.0,0.0,0.0,2578.15
12:06:17.600,0.0,0.0,0.0,0.0,2578.15
12:06:17.700,0.0,0.0,0.0,0.0,2578.15
12:06:17.800,0.0,0.0,0.0,0.0,2578.15
12:06:17.900,0.0,0.0,0.0,0.0,2578.15
12:06:18.000,0.0,0.0,0.0,0.0,2578.15
12:06:18.100,0.0,0.0,0.0,0.0,2578.15
12:06:18.200,0.0,0.0,0.0,0.0,2578.15
12:06:18.300,0.0,0.0,0.0,0.0,2578.15
12:06:18.400,0.0,0.0,0.0,0.0,2578.15
12:06:18.500,0.0,0.0,0.0,0.0,2578.15
12:06:18.600,0.0,0.0,0.0,0.0,2578.15
12:06:18.700,0.0,0.0,0.0,0.0,2578.15
12:06:18.800,0.0,0.0,0.0,0.0,2578.15
12:06:18.900,0.0,0.0,0.0,0.0,2578.15
12:06:19.000,0.0,0.0,0.0,0.0,2578.15
12:06:19.100,0.0,0.0,0.0,0.0,2578.15
12:06:19.200,0.0,0.0,0.0,0.0,2578.15
12:06:19.300,0.0,0.0,0.0,0.0,2578.15
12:06:19.400,0.0,0.0,0.0,0.0,2578.15
12:06:19.500,0.0,0.0,0.0,0.0,2578.15
12:06:19.600,0.0,0.0,0.0,0.0,2578.15
12:06:19.700,0.0,0.0,0.0,0.0,2578.15
12:06:19.800,0.0,0.0,0.0,0.0,2578.15
12:06:19.900,0.0,0.0,0.0,0.0,2578.15
12:06:20.000,0.0,0.0,0.0,0.0,2578.15
12:06:20.100,0.0,0.0,0.0,0.0,2578.15
12:06:20.200,0.0,0.0,0.0,0.0,2578.15
12:06:20.300,0.0,0.0,0.0,0.0,2578.15
12:06:20.400,0.0,0.0,0.0,0.0,2578.15
12:06:20.500,0.0,0.0,0.0,0.0,2578.15
12:06:20.600,0.0,0.0,0.0,0.0,2578.15
12:06:20.700,0.0,0.0,0.0,0.0,2578.15
12:06:20.800,0.0,0.0,0.0,0.0,2578.15
12:06:20.900,0.0,0.0,0.0,0.0,2578.15
12:06:21.000,0.0,0.0,0.0,0.0,2578.15
12:06:21.100,0.0,0.0,0.0,0.0,2578.15
12:06:21.200,0.0,0.0,0.0,0.0,2578.15
12:06:21.300,0.0,0.0,0.0,0.0,2578.15
12:06:21.400,0.0,0.0,0.0,0.0,2578.15
12:06:21.500,0.0,0.0,0.0,0.0,2578.15
12:06:21.600,0.0,0.0,0.0,0.0,2578.15
12:06:21.700,0.0,0.0,0.0,0.0,2578.15
12:06:21.800,0.0,0.0,0.0,0.0,2578.15
12:06:21.900,0.0,0.0,0.0,0.0,2578.15
12:06:22.000,0.0,0.0,0.0,0.0,2578.15
12:06:22.100,0.0,0.0,0.0,0.0,2578.15
12:06:22.200,0.0,0.0,0.0,0.0,2578.15
12:06:22.300,0.0,0.0,0.0,0.0,2578.15
12:06:22.400,0.0,0.0,0.0,0.0,2578.15
12:06:22.500,0.0,0.0,0.0,0.0,2578.15
12:06:22.600,0.0,0.0,0.0,0.0,2578.15
12:06:22.700,0.0,0.0,0.0,0.0,2578.15
12:06:22.800,0.0,0.0,0.0,0.0,2578.15
12:06:22.900,0.0,0.0,0.0,0.0,2578.15
12:06:23.000,0.0,0.0,0.0,0.0,2578.15
12:06:23.100,0.0,0.0,0.0,0.0,2578.15
12:06:23.200,0.0,0.0,0.0,0.0,2578.15
12:06:23.300,0.0,0.0,0.0,0.0,2578.15
12:06:23.400,0.0,0.0,0.0,0.0,2578.15
12:06:23.500,0.0,0.0,0.0,0.0,2578.15
12:06:23.600,0.0,0.0,0.0,0.0,2578.15
12:06:23.700,0.0,0.0,0.0,0.0,2578.15
12:06:23.800,0.0,0.0,0.0,0.0,2578.15
12:06:23.900,0.0,0.0,0.0,0.0,2578.15
12:06:24.000,0.0,0.0,0.0,0.0,2578.15
12:06:24.100,0.0,0.0,0.0,0.0,2578.15
12:06:24.200,0.0,0.0,0.0,0.0,2578.15
12:06:24.300,0.0,0.0,0.0,0.0,2578.15
12:06:24.400,0.0,0.0,0.0,0.0,2578.15
12:06:24.500,0.0,0.0,0.0,0.0,2578.15
12:06:24.600,0.0,0.0,0.0,0.0,2578.15
12:06:24.700,0.0,0.0,0.0,0.0,2578.15
12:06:24.800,0.0,0.0,0.0,0.0,2578.15
12:06:24.900,0.0,0.0,0.0,0.0,2578.15
12:06:25.000,0.0,0.0,0.0,0.0,2578.15
12:06:25.100,0.0,0.0,0.0,0.0,2578.15
12:06:25.200,0.0,0.0,0.0,0.0,2578.15
12:06:25.300,0.0,0.0,0.0,0.0,2578.15
12:06:25.400,0.0,0.0,0.0,0.0,2578.15
12:06:25.500,0.0,0.0,0.0,0.0,2578.15
12:06:25.600,0.0,0.0,0.0,0.0,2578.15
12:06:25.700,0.0,0.0,0.0,0.0,2578.15
12:06:25.800,0.0,0.0,0.0,0.0,2578.15
12:06:25.900,0.0,0.0,0.0,0.0,2578.15
12:06:26.000,0.0,0.0,0.0,0.0,2578.15
12:06:26.100,0.0,0.0,0.0,0.0,2578.15
12:06:26.200,0.0,0.0,0.0,0.0,2578.15
12:06:26.300,0.0,0.0,0.0,0.0,2578.15
12:06:26.400,0.0,0.0,0.0,0.0,2578.15
12:06:26.500,0.0,0.0,0.0,0.0,2578.15
12:06:26.600,0.0,0.0,0.0,0.0,2578.15
12:06:26.700,0.0,0.0,0.0,0.0,2578.15
12:06:26.800,0.0,0.0,0.0,0.0,2578.15
12:06:26.900,0.0,0.0,0.0,0.0,2578.15
12:06:27.000,0.0,0.0,0.0,0.0,2578.15
12:06:27.100,0.0,0.0,0.0,0.0,2578.15
12:06:27.200,0.0,0.0,0.0,0.0,2578.15
12:06:27.300,0.0,0.0,0.0,0.0,2578.15
12:06:27.400,0.0,0.0,0.0,0.0,2578.15
12:06:27.500,0.0,0.0,0.0,0.0,2578.15
12:06:27.600,0.0,0.0,0.0,0.0,2578.15
12:06:27.700,0.0,0.0,0.0,0.0,2578.15
12:06:27.800,0.0,0.0,0.0,0.0,2578.15
12:06:27.900,0.0,0.0,0.0,0.0,2578.15
12:06:28.000,0.0,0.0,0.0,0.0,2578.15
12:06:28.100,0.0,0.0,0.0,0.0,2578.15
12:06:28.200,0.0,0.0,0.0,0.0,2578.15
12:06:28.300,0.0,0.0,0.0,0.0,2578.15
12:06:28.400,0.0,0.0,0.0,0.0,2578.15
12:06:28.500,0.0,0.0,0.0,0.0,2578.15
12:06:28.600,0.0,0.0,0.0,0.0,2578.15
12:06:28.700,0.0,0.0,0.0,0.0,2578.15
12:06:28.800,0.0,0.0,0.0,0.0,2578.15
12:06:28.900,0.0,0.0,0.0,0.0,2578.15
12:06:29.000,0.0,0.0,0.0,0.0,2578.15
12:06:29.100,0.0,0.0,0.0,0.0,2578.15
12:06:29.200,0.0,0.0,0.0,0.0,2578.15
12:06:29.300,0.0,0.0,0.0,0.0,2578.15
12:06:29.400,0.0,0.0,0.0,0.0,2578.15
12:06:29.500,0.0,0.0,0.0,0.0,2578.15
12:06:29.600,0.0,0.0,0.0,0.0,2578.15
12:06:29.700,0.0,0.0,0.0,0.0,2578.15
12:06:29.800,0.0,0.0,0.0,0.0,2578.15
12:06:29.900,0.0,0.0,0.0,0.0,2578.15
12:06:30.000,0.0,0.0,0.0,0.0,2578.15
12:06:30.100,0.0,0.0,0.0,0.0,2578.15
12:06:30.200,0.0,0.0,0.0,0.0,2578.15
12:06:30.300,0.0,0.0,0.0,0.0,2578.15
12:06:30.400,0.0,0.0,0.0,0.0,2578.15
12:06:30.500,0.0,0.0,0.0,0.0,2578.15
12:06:30.600,0.0,0.0,0.0,0.0,2578.15
12:06:30.700,0.0,0.0,0.0,0.0,2578.15
12:06:30.800,0.0,0.0,0.0,0.0,2578.15
12:06:30.900,0.0,0.0,0.0,0.0,2578.15
12:06:31.000,0.0,0.0,0.0,0.0,2578.15
12:06:31.100,0.0,0.0,0.0,0.0,2578.15
12:06:31.200,0.0,0.0,0.0,0.0,2578.15
12:06:31.300,0.0,0.0,0.0,0.0,2578.15
12:06:31.400,0.0,0.0,0.0,0.0,2578.15
12:06:31.500,0.0,0.0,0.0,0.0,2578.15
12:06:31.600,0.0,0.0,0.0,0.0,2578.15
12:06:31.700,0.0,0.0,0.0,0.0,2578.15
12:06:31.800,0.0,0.0,0.0,0.0,2578.15
12:06:31.900,0.0,0.0,0.0,0.0,2578.15
12:06:32.000,0.0,0.0,0.0,0.0,2578.15
12:06:32.100,0.0,0.0,0.0,0.0,2578.15
12:06:32.200,0.0,0.0,0.0,0.0,2578.15
12:06:32.300,0.0,0.0,0.0,0.0,2578.15
12:06:32.400,0.0,0.0,0.0,0.0,2578.15
12:06:32.500,0.0,0.0,0.0,0.0,2578.15
12:06:32.600,0.0,0.0,0.0,0.0,2578.15
12:06:32.700,0.0,0.0,0.0,0.0,2578.15
12:06:32.800,0.0,0.0,0.0,0.0,2578.15
12:06:32.900,0.0,0.0,0.0,0.0,2578.15
12:06:33.000,0.0,0.0,0.0,0.0,2578.15
12:06:33.100,0.0,0.0,0.0,0.0,2578.15
12:06:33.200,0.0,0.0,0.0,0.0,2578.15
12:06:33.300,0.0,0.0,0.0,0.0,2578.15
12:06:33.400,0.0,0.0,0.0,0.0,2578.15
12:06:33.500,0.0,0.0,0.0,0.0,2578.15
12:06:33.600,0.0,0.0,0.0,0.0,2578.15
12:06:33.700,0.0,0.0,0.0,0.0,2578.15
12:06:33.800,0.0,0.0,0.0,0.0,2578.15
12:06:33.900,0.0,0.0,0.0,0.0,2578.15
12:06:34.000,0.0,0.0,0.0,0.0,2578.15
12:06:34.100,0.0,0.0,0.0,0.0,2578.15
12:06:34.200,0.0,0.0,0.0,0.0,2578.15
12:06:34.300,0.0,0.0,0.0,0.0,2578.15
12:06:34.400,0.0,0.0,0.0,0.0,2578.15
12:06:34.500,0.0,0.0,0.0,0.0,2578.15
12:06:34.600,0.0,0.0,0.0,0.0,2578.15
12:06:34.700,0.0,0.0,0.0,0.0,2578.15
12:06:34.800,0.0,0.0,0.0,0.0,2578.15
12:06:34.900,0.0,0.0,0.0,0.0,2578.15
12:06:35.000,0.0,0.0,0.0,0.0,2578.15
12:06:35.100,0.0,0.0,0.0,0.0,2578.15
12:06:35.200,0.0,0.0,0.0,0.0,2578.15
12:06:35.300,0.0,0.0,0.0,0.0,2578.15
12:06:35.400,0.0,0.0,0.0,0.0,2578.15
12:06:35.500,0.0,0.0,0.0,0.0,2578.15
12:06:35.600,0.0,0.0,0.0,0.0,2578.15
12:06:35.700,0.0,0.0,0.0,0.0,2578.15
12:06:35.800,0.0,0.0,0.0,0.0,2578.15
12:06:35.900,0.0,0.0,0.0,0.0,2578.15
12:06:36.000,0.0,0.0,0.0,0.0,2578.15
12:06:36.100,0.0,0.0,0.0,0.0,2578.15
12:06:36.200,0.0,0.0,0.0,0.0,2578.15
12:06:36.300,0.0,0.0,0.0,0.0,2578.15
12:06:36.400,0.0,0.0,0.0,0.0,2578.15
12:06:36.500,0.0,0.0,0.0,0.0,2578.15
12:06:36.600,0.0,0.0,0.0,0.0,2578.15
12:06:36.700,0.0,0.0,0.0,0.0,2578.15
12:06:36.800,0.0,0.0,0.0,0.0,2578.15
12:06:36.900,0.0,0.0,0.0,0.0,2578.15
12:06:37.000,0.0,0.0,0.0,0.0,2578.15
12:06:37.100,0.0,0.0,0.0,0.0,2578.15
12:06:37.200,0.0,0.0,0.0,0.0,2578.15
12:06:37.300,0.0,0.0,0.0,0.0,2578.15
12:06:37.400,0.0,0.0,0.0,0.0,2578.15
12:06:37.500,0.0,0.0,0.0,0.0,2578.15
12:06:37.600,0.0,0.0,0.0,0.0,2578.15
12:06:37.700,0.0,0.0,0.0,0.0,2578.15
12:06:37.800,0.0,0.0,0.0,0.0,2578.15
12:06:37.900,0.0,0.0,0.0,0.0,2578.15
12:06:38.000,0.0,0.0,0.0,0.0,2578.15
12:06:38.100,0.0,0.0,0.0,0.0,2578.15
12:06:38.200,0.0,0.0,0.0,0.0,2578.15
12:06:38.300,0.0,0.0,0.0,0.0,2578.15
12:06:38.400,0.0,0.0,0.0,0.0,2578.15
12:06:38.500,0.0,0.0,0.0,0.0,2578.15
12:06:38.600,0.0,0.0,0.0,0.0,2578.15
12:06:38.700,0.0,0.0,0.0,0.0,2578.15
12:06:38.800,0.0,0.0,0.0,0.0,2578.15
12:06:38.900,0.0,0.0,0.0,0.0,2578.15
12:06:39.000,0.0,0.0,0.0,0.0,2578.15
12:06:39.100,0.0,0.0,0.0,0.0,2578.15
12:06:39.200,0.0,0.0,0.0,0.0,2578.15
12:06:39.300,0.0,0.0,0.0,0.0,2578.15
12:06:39.400,0.0,0.0,0.0,0.0,2578.15
12:06:39.500,0.0,0.0,0.0,0.0,2578.15
12:06:39.600,0.0,0.0,0.0,0.0,2578.15
12:06:39.700,0.0,0.0,0.0,0.0,2578.15
12:06:39.800,0.0,0.0,0.0,0.0,2578.15
12:06:39.900,0.0,0.0,0.0,0.0,2578.15
12:06:40.000,0.0,0.0,0.0,0.0,2578.15
12:06:40.100,0.0,0.0,0.0,0.0,2578.15
12:06:40.200,0.0,0.0,0.0,0.0,2578.15
12:06:40.300,0.0,0.0,0.0,0.0,2578.15
12:06:40.400,0.0,0.0,0.0,0.0,2578.15
12:06:40.500,0.0,0.0,0.0,0.0,2578.15
12:06:40.600,0.0,0.0,0.0,0.0,2578.15
12:06:40.700,0.0,0.0,0.0,0.0,2578.15
12:06:40.800,0.0,0.0,0.0,0.0,2578.15
12:06:40.900,0.0,0.0,0.0,0.0,2578.15
12:06:41.000,0.0,0.0,0.0,0.0,2578.15
12:06:41.100,0.0,0.0,0.0,0.0,2578.15
12:06:41.200,0.0,0.0,0.0,0.0,2578.15
12:06:41.300,0.0,0.0,0.0,0.0,2578.15
12:06:41.400,0.0,0.0,0.0,0.0,2578.15
12:06:41.500,0.0,0.0,0.0,0.0,2578.15
12:06:41.600,0.0,0.0,0.0,0.0,2578.15
12:06:41.700,0.0,0.0,0.0,0.0,2578.15
12:06:41.800,0.0,0.0,0.0,0.0,2578.15
12:06:41.900,0.0,0.0,0.0,0.0,2578.15
12:06:42.000,0.0,0.0,0.0,0.0,2578.15
12:06:42.100,0.0,0.0,0.0,0.0,2578.15
12:06:42.200,0.0,0.0,0.0,0.0,2578.15
12:06:42.300,0.0,0.0,0.0,0.0,2578.15
12:06:42.400,0.0,0.0,0.0,0.0,2578.15
12:06:42.500,0.0,0.0,0.0,0.0,2578.15
12:06:42.600,0.0,0.0,0.0,0.0,2578.15
12:06:42.700,0.0,0.0,0.0,0.0,2578.15
12:06:42.800,0.0,0.0,0.0,0.0,2578.15
12:06:42.900,0.0,0.0,0.0,0.0,2578.15
12:06:43.000,0.0,0.0,0.0,0.0,2578.15
12:06:43.100,0.0,0.0,0.0,0.0,2578.15
12:06:43.200,0.0,0.0,0.0,0.0,2578.15
12:06:43.300,0.0,0.0,0.0,0.0,2578.15
12:06:43.400,0.0,0.0,0.0,0.0,2578.15
12:06:43.500,0.0,0.0,0.0,0.0,2578.15
12:06:43.600,0.0,0.0,0.0,0.0,2578.15
12:06:43.700,0.0,0.0,0.0,0.0,2578.15
12:06:43.800,0.0,0.0,0.0,0.0,2578.15
12:06:43.900,0.0,0.0,0.0,0.0,2578.15
12:06:44.000,0.0,0.0,0.0,0.0,2578.15
12:06:44.100,0.0,0.0,0.0,0.0,2578.15
12:06:44.200,0.0,0.0,0.0,0.0,2578.15
12:06:44.300,0.0,0.0,0.0,0.0,2578.15
12:06:44.400,0.0,0.0,0.0,0.0,2578.15
12:06:44.500,0.0,0.0,0.0,0.0,2578.15
12:06:44.600,0.0,0.0,0.0,0.0,2578.15
12:06:44.700,0.0,0.0,0.0,0.0,2578.15
12:06:44.800,0.0,0.0,0.0,0.0,2578.15
12:06:44.900,0.0,0.0,0.0,0.0,2578.15
12:06:45.000,0.0,0.0,0.0,0.0,2578.15
12:06:45.100,0.0,0.0,0.0,0.0,2578.15
12:06:45.200,0.0,0.0,0.0,0.0,2578.15
12:06:45.300,0.0,0.0,0.0,0.0,2578.15
12:06:45.400,0.0,0.0,0.0,0.0,2578.15
12:06:45.500,0.0,0.0,0.0,0.0,2578.15
12:06:45.600,0.0,0.0,0.0,0.0,2578.15
12:06:45.700,0.0,0.0,0.0,0.0,2578.15
12:06:45.800,0.0,0.0,0.0,0.0,2578.15
12:06:45.900,0.0,0.0,0.0,0.0,2578.15
12:06:46.000,0.0,0.0,0.0,0.0,2578.15
12:06:46.100,0.0,0.0,0.0,0.0,2578.15
12:06:46.200,0.0,0.0,0.0,0.0,2578.15
12:06:46.300,0.0,0.0,0.0,0.0,2578.15
12:06:46.400,0.0,0.0,0.0,0.0,2578.15
12:06:46.500,0.0,0.0,0.0,0.0,2578.15
12:06:46.600,0.0,0.0,0.0,0.0,2578.15
12:06:46.700,0.0,0.0,0.0,0.0,2578.15
12:06:46.800,0.0,0.0,0.0,0.0,2578.15
12:06:46.900,0.0,0.0,0.0,0.0,2578.15
12:06:47.000,0.0,0.0,0.0,0.0,2578.15
12:06:47.100,0.0,0.0,0.0,0.0,2578.15
12:06:47.200,0.0,0.0,0.0,0.0,2578.15
12:06:47.300,0.0,0.0,0.0,0.0,2578.15
12:06:47.400,0.0,0.0,0.0,0.0,2578.15
12:06:47.500,0.0,0.0,0.0,0.0,2578.15
12:06:47.600,0.0,0.0,0.0,0.0,2578.15
12:06:47.700,0.0,0.0,0.0,0.0,2578.15
12:06:47.800,0.0,0.0,0.0,0.0,2578.15
12:06:47.900,0.0,0.0,0.0,0.0,2578.15
12:06:48.000,0.0,0.0,0.0,0.0,2578.15
12:06:48.100,0.0,0.0,0.0,0.0,2578.15
12:06:48.200,0.0,0.0,0.0,0.0,2578.15
12:06:48.300,0.0,0.0,0.0,0.0,2578.15
12:06:48.400,0.0,0.0,0.0,0.0,2578.15
12:06:48.500,0.0,0.0,0.0,0.0,2578.15
12:06:48.600,0.0,0.0,0.0,0.0,2578.15
12:06:48.700,0.0,0.0,0.0,0.0,2578.15
12:06:48.800,0.0,0.0,0.0,0.0,2578.15
12:06:48.900,0.0,0.0,0.0,0.0,2578.15
12:06:49.000,0.0,0.0,0.0,0.0,2578.15
12:06:49.100,0.0,0.0,0.0,0.0,2578.15
12:06:49.200,0.0,0.0,0.0,0.0,2578.15
12:06:49.300,0.0,0.0,0.0,0.0,2578.15
12:06:49.400,0.0,0.0,0.0,0.0,2578.15
12:06:49.500,0.0,0.0,0.0,0.0,2578.15
12:06:49.600,0.0,0.0,0.0,0.0,2578.15
12:06:49.700,0.0,0.0,0.0,0.0,2578.15
12:06:49.800,0.0,0.0,0.0,0.0,2578.15
12:06:49.900,0.0,0.0,0.0,0.0,2578.15
12:06:50.000,0.0,0.0,0.0,0.0,2578.15
12:06:50.100,0.0,0.0,0.0,0.0,2578.15
12:06:50.200,0.0,0.0,0.0,0.0,2578.15
12:06:50.300,0.0,0.0,0.0,0.0,2578.15
12:06:50.400,0.0,0.0,0.0,0.0,2578.15
12:06:50.500,0.0,0.0,0.0,0.0,2578.15
12:06:50.600,0.0,0.0,0.0,0.0,2578.15
12:06:50.700,0.0,0.0,0.0,0.0,2578.15
12:06:50.800,0.0,0.0,0.0,0.0,2578.15
12:06:50.900,0.0,0.0,0.0,0.0,2578.15
12:06:51.000,0.0,0.0,0.0,0.0,2578.15
12:06:51.100,0.0,0.0,0.0,0.0,2578.15
12:06:51.200,0.0,0.0,0.0,0.0,2578.15
12:06:51.300,0.0,0.0,0.0,0.0,2578.15
12:06:51.400,0.0,0.0,0.0,0.0,2578.15
12:06:51.500,0.0,0.0,0.0,0.0,2578.15
12:06:51.600,0.0,0.0,0.0,0.0,2578.15
12:06:51.700,0.0,0.0,0.0,0.0,2578.15
12:06:51.800,0.0,0.0,0.0,0.0,2578.15
12:06:51.900,0.0,0.0,0.0,0.0,2578.15
12:06:52.000,0.0,0.0,0.0,0.0,2578.15
12:06:52.100,0.0,0.0,0.0,0.0,2578.15
12:06:52.200,0.0,0.0,0.0,0.0,2578.15
12:06:52.300,0.0,0.0,0.0,0.0,2578.15
12:06:52.400,0.0,0.0,0.0,0.0,2578.15
12:06:52.500,0.0,0.0,0.0,0.0,2578.15
12:06:52.600,0.0,0.0,0.0,0.0,2578.15
12:06:52.700,0.0,0.0,0.0,0.0,2578.15
12:06:52.800,0.0,0.0,0.0,0.0,2578.15
12:06:52.900,0.0,0.0,0.0,0.0,2578.15
12:06:53.000,0.0,0.0,0.0,0.0,2578.15
12:06:53.100,0.0,0.0,0.0,0.0,2578.15
12:06:53.200,0.0,0.0,0.0,0.0,2578.15
12:06:53.300,0.0,0.0,0.0,0.0,2578.15
12:06:53.400,0.0,0.0,0.0,0.0,2578.15
12:06:53.500,0.0,0.0,0.0,0.0,2578.15
12:06:53.600,0.0,0.0,0.0,0.0,2578.15
12:06:53.700,0.0,0.0,0.0,0.0,2578.15
12:06:53.800,0.0,0.0,0.0,0.0,2578.15
12:06:53.900,0.0,0.0,0.0,0.0,2578.15
12:06:54.000,0.0,0.0,0.0,0.0,2578.15
12:06:54.100,0.0,0.0,0.0,0.0,2578.15
12:06:54.200,0.0,0.0,0.0,0.0,2578.15
12:06:54.300,0.0,0.0,0.0,0.0,2578.15
12:06:54.400,0.0,0.0,0.0,0.0,2578.15
12:06:54.500,0.0,0.0,0.0,0.0,2578.15
12:06:54.600,0.0,0.0,0.0,0.0,2578.15
12:06:54.700,0.0,0.0,0.0,0.0,2578.15
12:06:54.800,0.0,0.0,0.0,0.0,2578.15
12:06:54.900,0.0,0.0,0.0,0.0,2578.15
12:06:55.000,0.0,0.0,0.0,0.0,2578.15
12:06:55.100,0.0,0.0,0.0,0.0,2578.15
12:06:55.200,0.0,0.0,0.0,0.0,2578.15
12:06:55.300,0.0,0.0,0.0,0.0,2578.15
12:06:55.400,0.0,0.0,0.0,0.0,2578.15
12:06:55.500,0.0,0.0,0.0,0.0,2578.15
12:06:55.600,0.0,0.0,0.0,0.0,2578.15
12:06:55.700,0.0,0.0,0.0,0.0,2578.15
12:06:55.800,0.0,0.0,0.0,0.0,2578.15
12:06:55.900,0.0,0.0,0.0,0.0,2578.15
12:06:56.000,0.0,0.0,0.0,0.0,2578.15
12:06:56.100,0.0,0.0,0.0,0.0,2578.15
12:06:56.200,0.0,0.0,0.0,0.0,2578.15
12:06:56.300,0.0,0.0,0.0,0.0,2578.15
12:06:56.400,0.0,0.0,0.0,0.0,2578.15
12:06:56.500,0.0,0.0,0.0,0.0,2578.15
12:06:56.600,0.0,0.0,0.0,0.0,2578.15
12:06:56.700,0.0,0.0,0.0,0.0,2578.15
12:06:56.800,0.0,0.0,0.0,0.0,2578.15
12:06:56.900,0.0,0.0,0.0,0.0,2578.15
12:06:57.000,0.0,0.0,0.0,0.0,2578.15
12:06:57.100,0.0,0.0,0.0,0.0,2578.15
12:06:57.200,0.0,0.0,0.0,0.0,2578.15
12:06:57.300,0.0,0.0,0.0,0.0,2578.15
12:06:57.400,0.0,0.0,0.0,0.0,2578.15
12:06:57.500,0.0,0.0,0.0,0.0,2578.15
12:06:57.600,0.0,0.0,0.0,0.0,2578.15
12:06:57.700,0.0,0.0,0.0,0.0,2578.15
12:06:57.800,0.0,0.0,0.0,0.0,2578.15
12:06:57.900,0.0,0.0,0.0,0.0,2578.15
12:06:58.000,0.0,0.0,0.0,0.0,2578.15
12:06:58.100,0.0,0.0,0.0,0.0,2578.15
12:06:58.200,0.0,0.0,0.0,0.0,2578.15
12:06:58.300,0.0,0.0,0.0,0.0,2578.15
12:06:58.400,0.0,0.0,0.0,0.0,2578.15
12:06:58.500,0.0,0.0,0.0,0.0,2578.15
12:06:58.600,0.0,0.0,0.0,0.0,2578.15
12:06:58.700,0.0,0.0,0.0,0.0,2578.15
12:06:58.800,0.0,0.0,0.0,0.0,2578.15
12:06:58.900,0.0,0.0,0.0,0.0,2578.15
12:06:59.000,0.0,0.0,0.0,0.0,2578.15
12:06:59.100,0.0,0.0,0.0,0.0,2578.15
12:06:59.200,0.0,0.0,0.0,0.0,2578.15
12:06:59.300,0.0,0.0,0.0,0.0,2578.15
12:06:59.400,0.0,0.0,0.0,0.0,2578.15
12:06:59.500,0.0,0.0,0.0,0.0,2578.15
12:06:59.600,0.0,0.0,0.0,0.0,2578.15
12:06:59.700,0.0,0.0,0.0,0.0,2578.15
12:06:59.800,0.0,0.0,0.0,0.0,2578.15
12:06:59.900,0.0,0.0,0.0,0.0,2578.15
12:07:00.000,0.0,0.0,0.0,0.0,2578.15
12:07:00.100,0.0,0.0,0.0,0.0,2578.15
12:07:00.200,0.0,0.0,0.0,0.0,2578.15
12:07:00.300,0.0,0.0,0.0,0.0,2578.15
12:07:00.400,0.0,0.0,0.0,0.0,2578.15
12:07:00.500,0.0,0.0,0.0,0.0,2578.15
12:07:00.600,0.0,0.0,0.0,0.0,2578.15
12:07:00.700,0.0,0.0,0.0,0.0,2578.15
12:07:00.800,0.0,0.0,0.0,0.0,2578.15
12:07:00.900,0.0,0.0,0.0,0.0,2578.15
12:07:01.000,0.0,0.0,0.0,0.0,2578.15
12:07:01.100,0.0,0.0,0.0,0.0,2578.15
12:07:01.200,0.0,0.0,0.0,0.0,2578.15
12:07:01.300,0.0,0.0,0.0,0.0,2578.15
12:07:01.400,0.0,0.0,0.0,0.0,2578.15
12:07:01.500,0.0,0.0,0.0,0.0,2578.15
12:07:01.600,0.0,0.0,0.0,0.0,2578.15
12:07:01.700,0.0,0.0,0.0,0.0,2578.15
12:07:01.800,0.0,0.0,0.0,0.0,2578.15
12:07:01.900,0.0,0.0,0.0,0.0,2578.15
12:07:02.000,0.0,0.0,0.0,0.0,2578.15
12:07:02.100,0.0,0.0,0.0,0.0,2578.15
12:07:02.200,0.0,0.0,0.0,0.0,2578.15
12:07:02.300,0.0,0.0,0.0,0.0,2578.15
12:07:02.400,0.0,0.0,0.0,0.0,2578.15
12:07:02.500,0.0,0.0,0.0,0.0,2578.15
12:07:02.600,0.0,0.0,0.0,0.0,2578.15
12:07:02.700,0.0,0.0,0.0,0.0,2578.15
12:07:02.800,0.0,0.0,0.0,0.0,2578.15
12:07:02.900,0.0,0.0,0.0,0.0,2578.15
12:07:03.000,0.0,0.0,0.0,0.0,2578.15
12:07:03.100,0.0,0.0,0.0,0.0,2578.15
12:07:03.200,0.0,0.0,0.0,0.0,2578.15
12:07:03.300,0.0,0.0,0.0,0.0,2578.15
12:07:03.400,0.0,0.0,0.0,0.0,2578.15
12:07:03.500,0.0,0.0,0.0,0.0,2578.15
12:07:03.600,0.0,0.0,0.0,0.0,2578.15
12:07:03.700,0.0,0.0,0.0,0.0,2578.15
12:07:03.800,0.0,0.0,0.0,0.0,2578.15
12:07:03.900,0.0,0.0,0.0,0.0,2578.15
12:07:04.000,0.0,0.0,0.0,0.0,2578.15
12:07:04.100,0.0,0.0,0.0,0.0,2578.15
12:07:04.200,0.0,0.0,0.0,0.0,2578.15
12:07:04.300,0.0,0.0,0.0,0.0,2578.15
12:07:04.400,0.0,0.0,0.0,0.0,2578.15
12:07:04.500,0.0,0.0,0.0,0.0,2578.15
12:07:04.600,0.0,0.0,0.0,0.0,2578.15
12:07:04.700,0.0,0.0,0.0,0.0,2578.15
12:07:04.800,0.0,0.0,0.0,0.0,2578.15
12:07:04.900,0.0,0.0,0.0,0.0,2578.15
12:07:05.000,0.0,0.0,0.0,0.0,2578.15
12:07:05.100,0.0,0.0,0.0,0.0,2578.15
12:07:05.200,0.0,0.0,0.0,0.0,2578.15
12:07:05.300,0.0,0.0,0.0,0.0,2578.15
12:07:05.400,0.0,0.0,0.0,0.0,2578.15
12:07:05.500,0.0,0.0,0.0,0.0,2578.15
12:07:05.600,0.0,0.0,0.0,0.0,2578.15
12:07:05.700,0.0,0.0,0.0,0.0,2578.15
12:07:05.800,0.0,0.0,0.0,0.0,2578.15
12:07:05.900,0.0,0.0,0.0,0.0,2578.15
12:07:06.000,0.0,0.0,0.0,0.0,2578.15
12:07:06.100,0.0,0.0,0.0,0.0,2578.15
12:07:06.200,0.0,0.0,0.0,0.0,2578.15
12:07:06.300,0.0,0.0,0.0,0.0,2578.15
12:07:06.400,0.0,0.0,0.0,0.0,2578.15
12:07:06.500,0.0,0.0,0.0,0.0,2578.15
12:07:06.600,0.0,0.0,0.0,0.0,2578.15
12:07:06.700,0.0,0.0,0.0,0.0,2578.15
12:07:06.800,0.0,0.0,0.0,0.0,2578.15
12:07:06.900,0.0,0.0,0.0,0.0,2578.15
12:07:07.000,0.0,0.0,0.0,0.0,2578.15
12:07:07.100,0.0,0.0,0.0,0.0,2578.15
12:07:07.200,0.0,0.0,0.0,0.0,2578.15
12:07:07.300,0.0,0.0,0.0,0.0,2578.15
12:07:07.400,0.0,0.0,0.0,0.0,2578.15
12:07:07.500,0.0,0.0,0.0,0.0,2578.15
12:07:07.600,0.0,0.0,0.0,0.0,2578.15
12:07:07.700,0.0,0.0,0.0,0.0,2578.15
12:07:07.800,0.0,0.0,0.0,0.0,2578.15
12:07:07.900,0.0,0.0,0.0,0.0,2578.15
12:07:08.000,0.0,0.0,0.0,0.0,2578.15
12:07:08.100,0.0,0.0,0.0,0.0,2578.15
12:07:08.200,0.0,0.0,0.0,0.0,2578.15
12:07:08.300,0.0,0.0,0.0,0.0,2578.15
12:07:08.400,0.0,0.0,0.0,0.0,2578.15
12:07:08.500,0.0,0.0,0.0,0.0,2578.15
12:07:08.600,0.0,0.0,0.0,0.0,2578.15
12:07:08.700,0.0,0.0,0.0,0.0,2578.15
12:07:08.800,0.0,0.0,0.0,0.0,2578.15
12:07:08.900,0.0,0.0,0.0,0.0,2578.15
12:07:09.000,0.0,0.0,0.0,0.0,2578.15
12:07:09.100,0.0,0.0,0.0,0.0,2578.15
12:07:09.200,0.0,0.0,0.0,0.0,2578.15
12:07:09.300,0.0,0.0,0.0,0.0,2578.15
12:07:09.400,0.0,0.0,0.0,0.0,2578.15
12:07:09.500,0.0,0.0,0.0,0.0,2578.15
12:07:09.600,0.0,0.0,0.0,0.0,2578.15
12:07:09.700,0.0,0.0,0.0,0.0,2578.15
12:07:09.800,0.0,0.0,0.0,0.0,2578.15
12:07:09.900,0.0,0.0,0.0,0.0,2578.15
12:07:10.000,0.0,0.0,0.0,0.0,2578.15
12:07:10.100,0.0,0.0,0.0,0.0,2578.15
12:07:10.200,0.0,0.0,0.0,0.0,2578.15
12:07:10.300,0.0,0.0,0.0,0.0,2578.15
12:07:10.400,0.0,0.0,0.0,0.0,2578.15
12:07:10.500,0.0,0.0,0.0,0.0,2578.15
12:07:10.600,0.0,0.0,0.0,0.0,2578.15
12:07:10.700,0.0,0.0,0.0,0.0,2578.15
12:07:10.800,0.0,0.0,0.0,0.0,2578.15
12:07:10.900,0.0,0.0,0.0,0.0,2578.15
12:07:11.000,0.0,0.0,0.0,0.0,2578.15
12:07:11.100,0.0,0.0,0.0,0.0,2578.15
12:07:11.200,0.0,0.0,0.0,0.0,2578.15
12:07:11.300,0.0,0.0,0.0,0.0,2578.15
12:07:11.400,0.0,0.0,0.0,0.0,2578.15
12:07:11.500,0.0,0.0,0.0,0.0,2578.15
12:07:11.600,0.0,0.0,0.0,0.0,2578.15
12:07:11.700,0.0,0.0,0.0,0.0,2578.15
12:07:11.800,0.0,0.0,0.0,0.0,2578.15
12:07:11.900,0.0,0.0,0.0,0.0,2578.15
12:07:12.000,0.0,0.0,0.0,0.0,2578.15
12:07:12.100,0.0,0.0,0.0,0.0,2578.15
12:07:12.200,0.0,0.0,0.0,0.0,2578.15
12:07:12.300,0.0,0.0,0.0,0.0,2578.15
12:07:12.400,0.0,0.0,0.0,0.0,2578.15
12:07:12.500,0.0,0.0,0.0,0.0,2578.15
12:07:12.600,0.0,0.0,0.0,0.0,2578.15
12:07:12.700,0.0,0.0,0.0,0.0,2578.15
12:07:12.800,0.0,0.0,0.0,0.0,2578.15
12:07:12.900,0.0,0.0,0.0,0.0,2578.15
12:07:13.000,0.0,0.0,0.0,0.0,2578.15
12:07:13.100,0.0,0.0,0.0,0.0,2578.15
12:07:13.200,0.0,0.0,0.0,0.0,2578.15
12:07:13.300,0.0,0.0,0.0,0.0,2578.15
12:07:13.400,0.0,0.0,0.0,0.0,2578.15
12:07:13.500,0.0,0.0,0.0,0.0,2578.15
12:07:13.600,0.0,0.0,0.0,0.0,2578.15
12:07:13.700,0.0,0.0,0.0,0.0,2578.15
12:07:13.800,0.0,0.0,0.0,0.0,2578.15
12:07:13.900,0.0,0.0,0.0,0.0,2578.15
12:07:14.000,0.0,0.0,0.0,0.0,2578.15
12:07:14.100,0.0,0.0,0.0,0.0,2578.15
12:07:14.200,0.0,0.0,0.0,0.0,2578.15
12:07:14.300,0.0,0.0,0.0,0.0,2578.15
12:07:14.400,0.0,0.0,0.0,0.0,2578.15
12:07:14.500,0.0,0.0,0.0,0.0,2578.15
12:07:14.600,0.0,0.0,0.0,0.0,2578.15
12:07:14.700,0.0,0.0,0.0,0.0,2578.15
12:07:14.800,0.0,0.0,0.0,0.0,2578.15
12:07:14.900,0.0,0.0,0.0,0.0,2578.15
12:07:15.000,0.0,0.0,0.0,0.0,2578.15
12:07:15.100,0.0,0.0,0.0,0.0,2578.15
12:07:15.200,0.0,0.0,0.0,0.0,2578.15
12:07:15.300,0.0,0.0,0.0,0.0,2578.15
12:07:15.400,0.0,0.0,0.0,0.0,2578.15
12:07:15.500,0.0,0.0,0.0,0.0,2578.15
12:07:15.600,0.0,0.0,0.0,0.0,2578.15
12:07:15.700,0.0,0.0,0.0,0.0,2578.15
12:07:15.800,0.0,0.0,0.0,0.0,2578.15
12:07:15.900,0.0,0.0,0.0,0.0,2578.15
12:07:16.000,0.0,0.0,0.0,0.0,2578.15
12:07:16.100,0.0,0.0,0.0,0.0,2578.15
12:07:16.200,0.0,0.0,0.0,0.0,2578.15
12:07:16.300,0.0,0.0,0.0,0.0,2578.15
12:07:16.400,0.0,0.0,0.0,0.0,2578.15
12:07:16.500,0.0,0.0,0.0,0.0,2578.15
12:07:16.600,0.0,0.0,0.0,0.0,2578.15
12:07:16.700,0.0,0.0,0.0,0.0,2578.15
12:07:16.800,0.0,0.0,0.0,0.0,2578.15
12:07:16.900,0.0,0.0,0.0,0.0,2578.15
12:07:17.000,0.0,0.0,0.0,0.0,2578.15
12:07:17.100,0.0,0.0,0.0,0.0,2578.15
12:07:17.200,0.0,0.0,0.0,0.0,2578.15
12:07:17.300,0.0,0.0,0.0,0.0,2578.15
12:07:17.400,0.0,0.0,0.0,0.0,2578.15
12:07:17.500,0.0,0.0,0.0,0.0,2578.15
12:07:17.600,0.0,0.0,0.0,0.0,2578.15
12:07:17.700,0.0,0.0,0.0,0.0,2578.15
12:07:17.800,0.0,0.0,0.0,0.0,2578.15
12:07:17.900,0.0,0.0,0.0,0.0,2578.15
12:07:18.000,0.0,0.0,0.0,0.0,2578.15
12:07:18.100,0.0,0.0,0.0,0.0,2578.15
12:07:18.200,0.0,0.0,0.0,0.0,2578.15
12:07:18.300,0.0,0.0,0.0,0.0,2578.15
12:07:18.400,0.0,0.0,0.0,0.0,2578.15
12:07:18.500,0.0,0.0,0.0,0.0,2578.15
12:07:18.600,0.0,0.0,0.0,0.0,2578.15
12:07:18.700,0.0,0.0,0.0,0.0,2578.15
12:07:18.800,0.0,0.0,0.0,0.0,2578.15
12:07:18.900,0.0,0.0,0.0,0.0,2578.15
12:07:19.000,0.0,0.0,0.0,0.0,2578.15
12:07:19.100,0.0,0.0,0.0,0.0,2578.15
12:07:19.200,0.0,0.0,0.0,0.0,2578.15
12:07:19.300,0.0,0.0,0.0,0.0,2578.15
12:07:19.400,0.0,0.0,0.0,0.0,2578.15
12:07:19.500,0.0,0.0,0.0,0.0,2578.15
12:07:19.600,0.0,0.0,0.0,0.0,2578.15
12:07:19.700,0.0,0.0,0.0,0.0,2578.15
12:07:19.800,0.0,0.0,0.0,0.0,2578.15
12:07:19.900,0.0,0.0,0.0,0.0,2578.15
12:07:20.000,0.0,0.0,0.0,0.0,2578.15
12:07:20.100,0.0,0.0,0.0,0.0,2578.15
12:07:20.200,0.0,0.0,0.0,0.0,2578.15
12:07:20.300,0.0,0.0,0.0,0.0,2578.15
12:07:20.400,0.0,0.0,0.0,0.0,2578.15
12:07:20.500,0.0,0.0,0.0,0.0,2578.15
12:07:20.600,0.0,0.0,0.0,0.0,2578.15
12:07:20.700,0.0,0.0,0.0,0.0,2578.15
12:07:20.800,0.0,0.0,0.0,0.0,2578.15
12:07:20.900,0.0,0.0,0.0,0.0,2578.15
12:07:21.000,0.0,0.0,0.0,0.0,2578.15
12:07:21.100,0.0,0.0,0.0,0.0,2578.15
12:07:21.200,0.0,0.0,0.0,0.0,2578.15
12:07:21.300,0.0,0.0,0.0,0.0,2578.15
12:07:21.400,0.0,0.0,0.0,0.0,2578.15
12:07:21.500,0.0,0.0,0.0,0.0,2578.15
12:07:21.600,0.0,0.0,0.0,0.0,2578.15
12:07:21.700,0.0,0.0,0.0,0.0,2578.15
12:07:21.800,0.0,0.0,0.0,0.0,2578.15
12:07:21.900,0.0,0.0,0.0,0.0,2578.15
12:07:22.000,0.0,0.0,0.0,0.0,2578.15
12:07:22.100,0.0,0.0,0.0,0.0,2578.15
12:07:22.200,0.0,0.0,0.0,0.0,2578.15
12:07:22.300,0.0,0.0,0.0,0.0,2578.15
12:07:22.400,0.0,0.0,0.0,0.0,2578.15
12:07:22.500,0.0,0.0,0.0,0.0,2578.15
12:07:22.600,0.0,0.0,0.0,0.0,2578.15
12:07:22.700,0.0,0.0,0.0,0.0,2578.15
12:07:22.800,0.0,0.0,0.0,0.0,2578.15
12:07:22.900,0.0,0.0,0.0,0.0,2578.15
12:07:23.000,0.0,0.0,0.0,0.0,2578.15
12:07:23.100,0.0,0.0,0.0,0.0,2578.15
12:07:23.200,0.0,0.0,0.0,0.0,2578.15
12:07:23.300,0.0,0.0,0.0,0.0,2578.15
12:07:23.400,0.0,0.0,0.0,0.0,2578.15
12:07:23.500,0.0,0.0,0.0,0.0,2578.15
12:07:23.600,0.0,0.0,0.0,0.0,2578.15
12:07:23.700,0.0,0.0,0.0,0.0,2578.15
12:07:23.800,0.0,0.0,0.0,0.0,2578.15
12:07:23.900,0.0,0.0,0.0,0.0,2578.15
12:07:24.000,0.0,0.0,0.0,0.0,2578.15
12:07:24.100,0.0,0.0,0.0,0.0,2578.15
12:07:24.200,0.0,0.0,0.0,0.0,2578.15
12:07:24.300,0.0,0.0,0.0,0.0,2578.15
12:07:24.400,0.0,0.0,0.0,0.0,2578.15
12:07:24.500,0.0,0.0,0.0,0.0,2578.15
12:07:24.600,0.0,0.0,0.0,0.0,2578.15
12:07:24.700,0.0,0.0,0.0,0.0,2578.15
12:07:24.800,0.0,0.0,0.0,0.0,2578.15
12:07:24.900,0.0,0.0,0.0,0.0,2578.15
12:07:25.000,0.0,0.0,0.0,0.0,2578.15
12:07:25.100,0.0,0.0,0.0,0.0,2578.15
12:07:25.200,0.0,0.0,0.0,0.0,2578.15
12:07:25.300,0.0,0.0,0.0,0.0,2578.15
12:07:25.400,0.0,0.0,0.0,0.0,2578.15
12:07:25.500,0.0,0.0,0.0,0.0,2578.15
12:07:25.600,0.0,0.0,0.0,0.0,2578.15
12:07:25.700,0.0,0.0,0.0,0.0,2578.15
12:07:25.800,0.0,0.0,0.0,0.0,2578.15
12:07:25.900,0.0,0.0,0.0,0.0,2578.15
12:07:26.000,0.0,0.0,0.0,0.0,2578.15
12:07:26.100,0.0,0.0,0.0,0.0,2578.15
12:07:26.200,0.0,0.0,0.0,0.0,2578.15
12:07:26.300,0.0,0.0,0.0,0.0,2578.15
12:07:26.400,0.0,0.0,0.0,0.0,2578.15
12:07:26.500,0.0,0.0,0.0,0.0,2578.15
12:07:26.600,0.0,0.0,0.0,0.0,2578.15
12:07:26.700,0.0,0.0,0.0,0.0,2578.15
12:07:26.800,0.0,0.0,0.0,0.0,2578.15
12:07:26.900,0.0,0.0,0.0,0.0,2578.15
12:07:27.000,0.0,0.0,0.0,0.0,2578.15
12:07:27.100,0.0,0.0,0.0,0.0,2578.15
12:07:27.200,0.0,0.0,0.0,0.0,2578.15
12:07:27.300,0.0,0.0,0.0,0.0,2578.15
12:07:27.400,0.0,0.0,0.0,0.0,2578.15
12:07:27.500,0.0,0.0,0.0,0.0,2578.15
12:07:27.600,0.0,0.0,0.0,0.0,2578.15
12:07:27.700,0.0,0.0,0.0,0.0,2578.15
12:07:27.800,0.0,0.0,0.0,0.0,2578.15
12:07:27.900,0.0,0.0,0.0,0.0,2578.15
12:07:28.000,0.0,0.0,0.0,0.0,2578.15
12:07:28.100,0.0,0.0,0.0,0.0,2578.15
12:07:28.200,0.0,0.0,0.0,0.0,2578.15
12:07:28.300,0.0,0.0,0.0,0.0,2578.15
12:07:28.400,0.0,0.0,0.0,0.0,2578.15
12:07:28.500,0.0,0.0,0.0,0.0,2578.15
12:07:28.600,0.0,0.0,0.0,0.0,2578.15
12:07:28.700,0.0,0.0,0.0,0.0,2578.15
12:07:28.800,0.0,0.0,0.0,0.0,2578.15
12:07:28.900,0.0,0.0,0.0,0.0,2578.15
12:07:29.000,0.0,0.0,0.0,0.0,2578.15
12:07:29.100,0.0,0.0,0.0,0.0,2578.15
12:07:29.200,0.0,0.0,0.0,0.0,2578.15
12:07:29.300,0.0,0.0,0.0,0.0,2578.15
12:07:29.400,0.0,0.0,0.0,0.0,2578.15
12:07:29.500,0.0,0.0,0.0,0.0,2578.15
12:07:29.600,0.0,0.0,0.0,0.0,2578.15
12:07:29.700,0.0,0.0,0.0,0.0,2578.15
12:07:29.800,0.0,0.0,0.0,0.0,2578.15
12:07:29.900,0.0,0.0,0.0,0.0,2578.15
12:07:30.000,0.0,0.0,0.0,0.0,2578.15
12:07:30.100,0.0,0.0,0.0,0.0,2578.15
12:07:30.200,0.0,0.0,0.0,0.0,2578.15
12:07:30.300,0.0,0.0,0.0,0.0,2578.15
12:07:30.400,0.0,0.0,0.0,0.0,2578.15
12:07:30.500,0.0,0.0,0.0,0.0,2578.15
12:07:30.600,0.0,0.0,0.0,0.0,2578.15
12:07:30.700,0.0,0.0,0.0,0.0,2578.15
12:07:30.800,0.0,0.0,0.0,0.0,2578.15
12:07:30.900,0.0,0.0,0.0,0.0,2578.15
12:07:31.000,0.0,0.0,0.0,0.0,2578.15
12:07:31.100,0.0,0.0,0.0,0.0,2578.15
12:07:31.200,0.0,0.0,0.0,0.0,2578.15
12:07:31.300,0.0,0.0,0.0,0.0,2578.15
12:07:31.400,0.0,0.0,0.0,0.0,2578.15
12:07:31.500,0.0,0.0,0.0,0.0,2578.15
12:07:31.600,0.0,0.0,0.0,0.0,2578.15
12:07:31.700,0.0,0.0,0.0,0.0,2578.15
12:07:31.800,0.0,0.0,0.0,0.0,2578.15
12:07:31.900,0.0,0.0,0.0,0.0,2578.15
12:07:32.000,0.0,0.0,0.0,0.0,2578.15
12:07:32.100,0.0,0.0,0.0,0.0,2578.15
12:07:32.200,0.0,0.0,0.0,0.0,2578.15
12:07:32.300,0.0,0.0,0.0,0.0,2578.15
12:07:32.400,0.0,0.0,0.0,0.0,2578.15
12:07:32.500,0.0,0.0,0.0,0.0,2578.15
12:07:32.600,0.0,0.0,0.0,0.0,2578.15
12:07:32.700,0.0,0.0,0.0,0.0,2578.15
12:07:32.800,0.0,0.0,0.0,0.0,2578.15
12:07:32.900,0.0,0.0,0.0,0.0,2578.15
12:07:33.000,0.0,0.0,0.0,0.0,2578.15
12:07:33.100,0.0,0.0,0.0,0.0,2578.15
12:07:33.200,0.0,0.0,0.0,0.0,2578.15
12:07:33.300,0.0,0.0,0.0,0.0,2578.15
12:07:33.400,0.0,0.0,0.0,0.0,2578.15
12:07:33.500,0.0,0.0,0.0,0.0,2578.15
12:07:33.600,0.0,0.0,0.0,0.0,2578.15
12:07:33.700,0.0,0.0,0.0,0.0,2578.15
12:07:33.800,0.0,0.0,0.0,0.0,2578.15
12:07:33.900,0.0,0.0,0.0,0.0,2578.15
12:07:34.000,0.0,0.0,0.0,0.0,2578.15
12:07:34.100,0.0,0.0,0.0,0.0,2578.15
12:07:34.200,0.0,0.0,0.0,0.0,2578.15
12:07:34.300,0.0,0.0,0.0,0.0,2578.15
12:07:34.400,0.0,0.0,0.0,0.0,2578.15
12:07:34.500,0.0,0.0,0.0,0.0,2578.15
12:07:34.600,0.0,0.0,0.0,0.0,2578.15
12:07:34.700,0.0,0.0,0.0,0.0,2578.15
12:07:34.800,0.0,0.0,0.0,0.0,2578.15
12:07:34.900,0.0,0.0,0.0,0.0,2578.15
12:07:35.000,0.0,0.0,0.0,0.0,2578.15
12:07:35.100,0.0,0.0,0.0,0.0,2578.15
12:07:35.200,0.0,0.0,0.0,0.0,2578.15
12:07:35.300,0.0,0.0,0.0,0.0,2578.15
12:07:35.400,0.0,0.0,0.0,0.0,2578.15
12:07:35.500,0.0,0.0,0.0,0.0,2578.15
12:07:35.600,0.0,0.0,0.0,0.0,2578.15
12:07:35.700,0.0,0.0,0.0,0.0,2578.15
12:07:35.800,0.0,0.0,0.0,0.0,2578.15
12:07:35.900,0.0,0.0,0.0,0.0,2578.15
12:07:36.000,0.0,0.0,0.0,0.0,2578.15
12:07:36.100,0.0,0.0,0.0,0.0,2578.15
12:07:36.200,0.0,0.0,0.0,0.0,2578.15
12:07:36.300,0.0,0.0,0.0,0.0,2578.15
12:07:36.400,0.0,0.0,0.0,0.0,2578.15
12:07:36.500,0.0,0.0,0.0,0.0,2578.15
12:07:36.600,0.0,0.0,0.0,0.0,2578.15
12:07:36.700,0.0,0.0,0.0,0.0,2578.15
12:07:36.800,0.0,0.0,0.0,0.0,2578.15
12:07:36.900,0.0,0.0,0.0,0.0,2578.15
12:07:37.000,0.0,0.0,0.0,0.0,2578.15
12:07:37.100,0.0,0.0,0.0,0.0,2578.15
12:07:37.200,0.0,0.0,0.0,0.0,2578.15
12:07:37.300,0.0,0.0,0.0,0.0,2578.15
12:07:37.400,0.0,0.0,0.0,0.0,2578.15
12:07:37.500,0.0,0.0,0.0,0.0,2578.15
12:07:37.600,0.0,0.0,0.0,0.0,2578.15
12:07:37.700,0.0,0.0,0.0,0.0,2578.15
12:07:37.800,0.0,0.0,0.0,0.0,2578.15
12:07:37.900,0.0,0.0,0.0,0.0,2578.15
12:07:38.000,0.0,0.0,0.0,0.0,2578.15
12:07:38.100,0.0,0.0,0.0,0.0,2578.15
12:07:38.200,0.0,0.0,0.0,0.0,2578.15
12:07:38.300,0.0,0.0,0.0,0.0,2578.15
12:07:38.400,0.0,0.0,0.0,0.0,2578.15
12:07:38.500,0.0,0.0,0.0,0.0,2578.15
12:07:38.600,0.0,0.0,0.0,0.0,2578.15
12:07:38.700,0.0,0.0,0.0,0.0,2578.15
12:07:38.800,0.0,0.0,0.0,0.0,2578.15
12:07:38.900,0.0,0.0,0.0,0.0,2578.15
12:07:39.000,0.0,0.0,0.0,0.0,2578.15
12:07:39.100,0.0,0.0,0.0,0.0,2578.15
12:07:39.200,0.0,0.0,0.0,0.0,2578.15
12:07:39.300,0.0,0.0,0.0,0.0,2578.15
12:07:39.400,0.0,0.0,0.0,0.0,2578.15
12:07:39.500,0.0,0.0,0.0,0.0,2578.15
12:07:39.600,0.0,0.0,0.0,0.0,2578.15
12:07:39.700,0.0,0.0,0.0,0.0,2578.15
12:07:39.800,0.0,0.0,0.0,0.0,2578.15
12:07:39.900,0.0,0.0,0.0,0.0,2578.15
12:07:40.000,0.0,0.0,0.0,0.0,2578.15
12:07:40.100,0.0,0.0,0.0,0.0,2578.15
12:07:40.200,0.0,0.0,0.0,0.0,2578.15
12:07:40.300,0.0,0.0,0.0,0.0,2578.15
12:07:40.400,0.0,0.0,0.0,0.0,2578.15
12:07:40.500,0.0,0.0,0.0,0.0,2578.15
12:07:40.600,0.0,0.0,0.0,0.0,2578.15
12:07:40.700,0.0,0.0,0.0,0.0,2578.15
12:07:40.800,0.0,0.0,0.0,0.0,2578.15
12:07:40.900,0.0,0.0,0.0,0.0,2578.15
12:07:41.000,0.0,0.0,0.0,0.0,2578.15
12:07:41.100,0.0,0.0,0.0,0.0,2578.15
12:07:41.200,0.0,0.0,0.0,0.0,2578.15
12:07:41.300,0.0,0.0,0.0,0.0,2578.15
12:07:41.400,0.0,0.0,0.0,0.0,2578.15
12:07:41.500,0.0,0.0,0.0,0.0,2578.15
12:07:41.600,0.0,0.0,0.0,0.0,2578.15
12:07:41.700,0.0,0.0,0.0,0.0,2578.15
12:07:41.800,0.0,0.0,0.0,0.0,2578.15
12:07:41.900,0.0,0.0,0.0,0.0,2578.15
12:07:42.000,0.0,0.0,0.0,0.0,2578.15
12:07:42.100,0.0,0.0,0.0,0.0,2578.15
12:07:42.200,0.0,0.0,0.0,0.0,2578.15
12:07:42.300,0.0,0.0,0.0,0.0,2578.15
12:07:42.400,0.0,0.0,0.0,0.0,2578.15
12:07:42.500,0.0,0.0,0.0,0.0,2578.15
12:07:42.600,0.0,0.0,0.0,0.0,2578.15
12:07:42.700,0.0,0.0,0.0,0.0,2578.15
12:07:42.800,0.0,0.0,0.0,0.0,2578.15
12:07:42.900,0.0,0.0,0.0,0.0,2578.15
12:07:43.000,0.0,0.0,0.0,0.0,2578.15
12:07:43.100,0.0,0.0,0.0,0.0,2578.15
12:07:43.200,0.0,0.0,0.0,0.0,2578.15
12:07:43.300,0.0,0.0,0.0,0.0,2578.15
12:07:43.400,0.0,0.0,0.0,0.0,2578.15
12:07:43.500,0.0,0.0,0.0,0.0,2578.15
12:07:43.600,0.0,0.0,0.0,0.0,2578.15
12:07:43.700,0.0,0.0,0.0,0.0,2578.15
12:07:43.800,0.0,0.0,0.0,0.0,2578.15
12:07:43.900,0.0,0.0,0.0,0.0,2578.15
12:07:44.000,0.0,0.0,0.0,0.0,2578.15
12:07:44.100,0.0,0.0,0.0,0.0,2578.15
12:07:44.200,0.0,0.0,0.0,0.0,2578.15
12:07:44.300,0.0,0.0,0.0,0.0,2578.15
12:07:44.400,0.0,0.0,0.0,0.0,2578.15
12:07:44.500,0.0,0.0,0.0,0.0,2578.15
12:07:44.600,0.0,0.0,0.0,0.0,2578.15
12:07:44.700,0.0,0.0,0.0,0.0,2578.15
12:07:44.800,0.0,0.0,0.0,0.0,2578.15
12:07:44.900,0.0,0.0,0.0,0.0,2578.15
12:07:45.000,0.0,0.0,0.0,0.0,2578.15
12:07:45.100,0.0,0.0,0.0,0.0,2578.15
12:07:45.200,0.0,0.0,0.0,0.0,2578.15
12:07:45.300,0.0,0.0,0.0,0.0,2578.15
12:07:45.400,0.0,0.0,0.0,0.0,2578.15
12:07:45.500,0.0,0.0,0.0,0.0,2578.15
12:07:45.600,0.0,0.0,0.0,0.0,2578.15
12:07:45.700,0.0,0.0,0.0,0.0,2578.15
12:07:45.800,0.0,0.0,0.0,0.0,2578.15
12:07:45.900,0.0,0.0,0.0,0.0,2578.15
12:07:46.000,0.0,0.0,0.0,0.0,2578.15
12:07:46.100,0.0,0.0,0.0,0.0,2578.15
12:07:46.200,0.0,0.0,0.0,0.0,2578.15
12:07:46.300,0.0,0.0,0.0,0.0,2578.15
12:07:46.400,0.0,0.0,0.0,0.0,2578.15
12:07:46.500,0.0,0.0,0.0,0.0,2578.15
12:07:46.600,0.0,0.0,0.0,0.0,2578.15
12:07:46.700,0.0,0.0,0.0,0.0,2578.15
12:07:46.800,0.0,0.0,0.0,0.0,2578.15
12:07:46.900,0.0,0.0,0.0,0.0,2578.15
12:07:47.000,0.0,0.0,0.0,0.0,2578.15
12:07:47.100,0.0,0.0,0.0,0.0,2578.15
12:07:47.200,0.0,0.0,0.0,0.0,2578.15
12:07:47.300,0.0,0.0,0.0,0.0,2578.15
12:07:47.400,0.0,0.0,0.0,0.0,2578.15
12:07:47.500,0.0,0.0,0.0,0.0,2578.15
12:07:47.600,0.0,0.0,0.0,0.0,2578.15
12:07:47.700,0.0,0.0,0.0,0.0,2578.15
12:07:47.800,0.0,0.0,0.0,0.0,2578.15
12:07:47.900,0.0,0.0,0.0,0.0,2578.15
12:07:48.000,0.0,0.0,0.0,0.0,2578.15
12:07:48.100,0.0,0.0,0.0,0.0,2578.15
12:07:48.200,0.0,0.0,0.0,0.0,2578.15
12:07:48.300,0.0,0.0,0.0,0.0,2578.15
12:07:48.400,0.0,0.0,0.0,0.0,2578.15
12:07:48.500,0.0,0.0,0.0,0.0,2578.15
12:07:48.600,0.0,0.0,0.0,0.0,2578.15
12:07:48.700,0.0,0.0,0.0,0.0,2578.15
12:07:48.800,0.0,0.0,0.0,0.0,2578.15
12:07:48.900,0.0,0.0,0.0,0.0,2578.15
12:07:49.000,0.0,0.0,0.0,0.0,2578.15
12:07:49.100,0.0,0.0,0.0,0.0,2578.15
12:07:49.200,0.0,0.0,0.0,0.0,2578.15
12:07:49.300,0.0,0.0,0.0,0.0,2578.15
12:07:49.400,0.0,0.0,0.0,0.0,2578.15
12:07:49.500,0.0,0.0,0.0,0.0,2578.15
12:07:49.600,0.0,0.0,0.0,0.0,2578.15
12:07:49.700,0.0,0.0,0.0,0.0,2578.15
12:07:49.800,0.0,0.0,0.0,0.0,2578.15
12:07:49.900,0.0,0.0,0.0,0.0,2578.15
12:07:50.000,0.0,0.0,0.0,0.0,2578.15
12:07:50.100,0.0,0.0,0.0,0.0,2578.15
12:07:50.200,0.0,0.0,0.0,0.0,2578.15
12:07:50.300,0.0,0.0,0.0,0.0,2578.15
12:07:50.400,0.0,0.0,0.0,0.0,2578.15
12:07:50.500,0.0,0.0,0.0,0.0,2578.15
12:07:50.600,0.0,0.0,0.0,0.0,2578.15
12:07:50.700,0.0,0.0,0.0,0.0,2578.15
12:07:50.800,0.0,0.0,0.0,0.0,2578.15
12:07:50.900,0.0,0.0,0.0,0.0,2578.15
12:07:51.000,0.0,0.0,0.0,0.0,2578.15
12:07:51.100,0.0,0.0,0.0,0.0,2578.15
12:07:51.200,0.0,0.0,0.0,0.0,2578.15
12:07:51.300,0.0,0.0,0.0,0.0,2578.15
12:07:51.400,0.0,0.0,0.0,0.0,2578.15
12:07:51.500,0.0,0.0,0.0,0.0,2578.15
12:07:51.600,0.0,0.0,0.0,0.0,2578.15
12:07:51.700,0.0,0.0,0.0,0.0,2578.15
12:07:51.800,0.0,0.0,0.0,0.0,2578.15
12:07:51.900,0.0,0.0,0.0,0.0,2578.15
12:07:52.000,0.0,0.0,0.0,0.0,2578.15
12:07:52.100,0.0,0.0,0.0,0.0,2578.15
12:07:52.200,0.0,0.0,0.0,0.0,2578.15
12:07:52.300,0.0,0.0,0.0,0.0,2578.15
12:07:52.400,0.0,0.0,0.0,0.0,2578.15
12:07:52.500,0.0,0.0,0.0,0.0,2578.15
12:07:52.600,0.0,0.0,0.0,0.0,2578.15
12:07:52.700,0.0,0.0,0.0,0.0,2578.15
12:07:52.800,0.0,0.0,0.0,0.0,2578.15
12:07:52.900,0.0,0.0,0.0,0.0,2578.15
12:07:53.000,0.0,0.0,0.0,0.0,2578.15
12:07:53.100,0.0,0.0,0.0,0.0,2578.15
12:07:53.200,0.0,0.0,0.0,0.0,2578.15
12:07:53.300,0.0,0.0,0.0,0.0,2578.15
12:07:53.400,0.0,0.0,0.0,0.0,2578.15
12:07:53.500,0.0,0.0,0.0,0.0,2578.15
12:07:53.600,0.0,0.0,0.0,0.0,2578.15
12:07:53.700,0.0,0.0,0.0,0.0,2578.15
12:07:53.800,0.0,0.0,0.0,0.0,2578.15
12:07:53.900,0.0,0.0,0.0,0.0,2578.15
12:07:54.000,0.0,0.0,0.0,0.0,2578.15
12:07:54.100,0.0,0.0,0.0,0.0,2578.15
12:07:54.200,0.0,0.0,0.0,0.0,2578.15
12:07:54.300,0.0,0.0,0.0,0.0,2578.15
12:07:54.400,0.0,0.0,0.0,0.0,2578.15
12:07:54.500,0.0,0.0,0.0,0.0,2578.15
12:07:54.600,0.0,0.0,0.0,0.0,2578.15
12:07:54.700,0.0,0.0,0.0,0.0,2578.15
12:07:54.800,0.0,0.0,0.0,0.0,2578.15
12:07:54.900,0.0,0.0,0.0,0.0,2578.15
12:07:55.000,0.0,0.0,0.0,0.0,2578.15
12:07:55.100,0.0,0.0,0.0,0.0,2578.15
12:07:55.200,0.0,0.0,0.0,0.0,2578.15
12:07:55.300,0.0,0.0,0.0,0.0,2578.15
12:07:55.400,0.0,0.0,0.0,0.0,2578.15
12:07:55.500,0.0,0.0,0.0,0.0,2578.15
12:07:55.600,0.0,0.0,0.0,0.0,2578.15
12:07:55.700,0.0,0.0,0.0,0.0,2578.15
12:07:55.800,0.0,0.0,0.0,0.0,2578.15
12:07:55.900,0.0,0.0,0.0,0.0,2578.15
12:07:56.000,0.0,0.0,0.0,0.0,2578.15
12:07:56.100,0.0,0.0,0.0,0.0,2578.15
12:07:56.200,0.0,0.0,0.0,0.0,2578.15
12:07:56.300,0.0,0.0,0.0,0.0,2578.15
12:07:56.400,0.0,0.0,0.0,0.0,2578.15
12:07:56.500,0.0,0.0,0.0,0.0,2578.15
12:07:56.600,0.0,0.0,0.0,0.0,2578.15
12:07:56.700,0.0,0.0,0.0,0.0,2578.15
12:07:56.800,0.0,0.0,0.0,0.0,2578.15
12:07:56.900,0.0,0.0,0.0,0.0,2578.15
12:07:57.000,0.0,0.0,0.0,0.0,2578.15
12:07:57.100,0.0,0.0,0.0,0.0,2578.15
12:07:57.200,0.0,0.0,0.0,0.0,2578.15
12:07:57.300,0.0,0.0,0.0,0.0,2578.15
12:07:57.400,0.0,0.0,0.0,0.0,2578.15
12:07:57.500,0.0,0.0,0.0,0.0,2578.15
12:07:57.600,0.0,0.0,0.0,0.0,2578.15
12:07:57.700,0.0,0.0,0.0,0.0,2578.15
12:07:57.800,0.0,0.0,0.0,0.0,2578.15
12:07:57.900,0.0,0.0,0.0,0.0,2578.15
12:07:58.000,0.0,0.0,0.0,0.0,2578.15
12:07:58.100,0.0,0.0,0.0,0.0,2578.15
12:07:58.200,0.0,0.0,0.0,0.0,2578.15
12:07:58.300,0.0,0.0,0.0,0.0,2578.15
12:07:58.400,0.0,0.0,0.0,0.0,2578.15
12:07:58.500,0.0,0.0,0.0,0.0,2578.15
12:07:58.600,0.0,0.0,0.0,0.0,2578.15
12:07:58.700,0.0,0.0,0.0,0.0,2578.15
12:07:58.800,0.0,0.0,0.0,0.0,2578.15
12:07:58.900,0.0,0.0,0.0,0.0,2578.15
12:07:59.000,0.0,0.0,0.0,0.0,2578.15
12:07:59.100,0.0,0.0,0.0,0.0,2578.15
12:07:59.200,0.0,0.0,0.0,0.0,2578.15
12:07:59.300,0.0,0.0,0.0,0.0,2578.15
12:07:59.400,0.0,0.0,0.0,0.0,2578.15
12:07:59.500,0.0,0.0,0.0,0.0,2578.15
12:07:59.600,0.0,0.0,0.0,0.0,2578.15
12:07:59.700,0.0,0.0,0.0,0.0,2578.15
12:07:59.800,0.0,0.0,0.0,0.0,2578.15
12:07:59.900,0.0,0.0,0.0,0.0,2578.15
12:08:00.000,0.0,0.0,0.0,0.0,2578.15
12:08:00.100,0.0,0.0,0.0,0.0,2578.15
12:08:00.200,0.0,0.0,0.0,0.0,2578.15
12:08:00.300,0.0,0.0,0.0,0.0,2578.15
12:08:00.400,0.0,0.0,0.0,0.0,2578.15
12:08:00.500,0.0,0.0,0.0,0.0,2578.15
12:08:00.600,0.0,0.0,0.0,0.0,2578.15
12:08:00.700,0.0,0.0,0.0,0.0,2578.15
12:08:00.800,0.0,0.0,0.0,0.0,2578.15
12:08:00.900,0.0,0.0,0.0,0.0,2578.15
12:08:01.000,0.0,0.0,0.0,0.0,2578.15
12:08:01.100,0.0,0.0,0.0,0.0,2578.15
12:08:01.200,0.0,0.0,0.0,0.0,2578.15
12:08:01.300,0.0,0.0,0.0,0.0,2578.15
12:08:01.400,0.0,0.0,0.0,0.0,2578.15
12:08:01.500,0.0,0.0,0.0,0.0,2578.15
12:08:01.600,0.0,0.0,0.0,0.0,2578.15
12:08:01.700,0.0,0.0,0.0,0.0,2578.15
12:08:01.800,0.0,0.0,0.0,0.0,2578.15
12:08:01.900,0.0,0.0,0.0,0.0,2578.15
12:08:02.000,0.0,0.0,0.0,0.0,2578.15
12:08:02.100,0.0,0.0,0.0,0.0,2578.15
12:08:02.200,0.0,0.0,0.0,0.0,2578.15
12:08:02.300,0.0,0.0,0.0,0.0,2578.15
12:08:02.400,0.0,0.0,0.0,0.0,2578.15
12:08:02.500,0.0,0.0,0.0,0.0,2578.15
12:08:02.600,0.0,0.0,0.0,0.0,2578.15
12:08:02.700,0.0,0.0,0.0,0.0,2578.15
12:08:02.800,0.0,0.0,0.0,0.0,2578.15
12:08:02.900,0.0,0.0,0.0,0.0,2578.15
12:08:03.000,0.0,0.0,0.0,0.0,2578.15
12:08:03.100,0.0,0.0,0.0,0.0,2578.15
12:08:03.200,0.0,0.0,0.0,0.0,2578.15
12:08:03.300,0.0,0.0,0.0,0.0,2578.15
12:08:03.400,0.0,0.0,0.0,0.0,2578.15
12:08:03.500,0.0,0.0,0.0,0.0,2578.15
12:08:03.600,0.0,0.0,0.0,0.0,2578.15
12:08:03.700,0.0,0.0,0.0,0.0,2578.15
12:08:03.800,0.0,0.0,0.0,0.0,2578.15
12:08:03.900,0.0,0.0,0.0,0.0,2578.15
12:08:04.000,0.0,0.0,0.0,0.0,2578.15
12:08:04.100,0.0,0.0,0.0,0.0,2578.15
12:08:04.200,0.0,0.0,0.0,0.0,2578.15
12:08:04.300,0.0,0.0,0.0,0.0,2578.15
12:08:04.400,0.0,0.0,0.0,0.0,2578.15
12:08:04.500,0.0,0.0,0.0,0.0,2578.15
12:08:04.600,0.0,0.0,0.0,0.0,2578.15
12:08:04.700,0.0,0.0,0.0,0.0,2578.15
12:08:04.800,0.0,0.0,0.0,0.0,2578.15
12:08:04.900,0.0,0.0,0.0,0.0,2578.15
12:08:05.000,0.0,0.0,0.0,0.0,2578.15
12:08:05.100,0.0,0.0,0.0,0.0,2578.15
12:08:05.200,0.0,0.0,0.0,0.0,2578.15
12:08:05.300,0.0,0.0,0.0,0.0,2578.15
12:08:05.400,0.0,0.0,0.0,0.0,2578.15
12:08:05.500,0.0,0.0,0.0,0.0,2578.15
12:08:05.600,0.0,0.0,0.0,0.0,2578.15
12:08:05.700,0.0,0.0,0.0,0.0,2578.15
12:08:05.800,0.0,0.0,0.0,0.0,2578.15
12:08:05.900,0.0,0.0,0.0,0.0,2578.15
12:08:06.000,0.0,0.0,0.0,0.0,2578.15
12:08:06.100,0.0,0.0,0.0,0.0,2578.15
12:08:06.200,0.0,0.0,0.0,0.0,2578.15
12:08:06.300,0.0,0.0,0.0,0.0,2578.15
12:08:06.400,0.0,0.0,0.0,0.0,2578.15
12:08:06.500,0.0,0.0,0.0,0.0,2578.15
12:08:06.600,0.0,0.0,0.0,0.0,2578.15
12:08:06.700,0.0,0.0,0.0,0.0,2578.15
12:08:06.800,0.0,0.0,0.0,0.0,2578.15
12:08:06.900,0.0,0.0,0.0,0.0,2578.15
12:08:07.000,0.0,0.0,0.0,0.0,2578.15
12:08:07.100,0.0,0.0,0.0,0.0,2578.15
12:08:07.200,0.0,0.0,0.0,0.0,2578.15
12:08:07.300,0.0,0.0,0.0,0.0,2578.15
12:08:07.400,0.0,0.0,0.0,0.0,2578.15
12:08:07.500,0.0,0.0,0.0,0.0,2578.15
12:08:07.600,0.0,0.0,0.0,0.0,2578.15
12:08:07.700,0.0,0.0,0.0,0.0,2578.15
12:08:07.800,0.0,0.0,0.0,0.0,2578.15
12:08:07.900,0.0,0.0,0.0,0.0,2578.15
12:08:08.000,0.0,0.0,0.0,0.0,2578.15
12:08:08.100,0.0,0.0,0.0,0.0,2578.15
12:08:08.200,0.0,0.0,0.0,0.0,2578.15
12:08:08.300,0.0,0.0,0.0,0.0,2578.15
12:08:08.400,0.0,0.0,0.0,0.0,2578.15
12:08:08.500,0.0,0.0,0.0,0.0,2578.15
12:08:08.600,0.0,0.0,0.0,0.0,2578.15
12:08:08.700,0.0,0.0,0.0,0.0,2578.15
12:08:08.800,0.0,0.0,0.0,0.0,2578.15
12:08:08.900,0.0,0.0,0.0,0.0,2578.15
12:08:09.000,0.0,0.0,0.0,0.0,2578.15
12:08:09.100,0.0,0.0,0.0,0.0,2578.15
12:08:09.200,0.0,0.0,0.0,0.0,2578.15
12:08:09.300,0.0,0.0,0.0,0.0,2578.15
12:08:09.400,0.0,0.0,0.0,0.0,2578.15
12:08:09.500,0.0,0.0,0.0,0.0,2578.15
12:08:09.600,0.0,0.0,0.0,0.0,2578.15
12:08:09.700,0.0,0.0,0.0,0.0,2578.15
12:08:09.800,0.0,0.0,0.0,0.0,2578.15
12:08:09.900,0.0,0.0,0.0,0.0,2578.15
12:08:10.000,0.0,0.0,0.0,0.0,2578.15
12:08:10.100,0.0,0.0,0.0,0.0,2578.15
12:08:10.200,0.0,0.0,0.0,0.0,2578.15
12:08:10.300,0.0,0.0,0.0,0.0,2578.15
12:08:10.400,0.0,0.0,0.0,0.0,2578.15
12:08:10.500,0.0,0.0,0.0,0.0,2578.15
12:08:10.600,0.0,0.0,0.0,0.0,2578.15
12:08:10.700,0.0,0.0,0.0,0.0,2578.15
12:08:10.800,0.0,0.0,0.0,0.0,2578.15
12:08:10.900,0.0,0.0,0.0,0.0,2578.15
12:08:11.000,0.0,0.0,0.0,0.0,2578.15
12:08:11.100,0.0,0.0,0.0,0.0,2578.15
12:08:11.200,0.0,0.0,0.0,0.0,2578.15
12:08:11.300,0.0,0.0,0.0,0.0,2578.15
12:08:11.400,0.0,0.0,0.0,0.0,2578.15
12:08:11.500,0.0,0.0,0.0,0.0,2578.15
12:08:11.600,0.0,0.0,0.0,0.0,2578.15
12:08:11.700,0.0,0.0,0.0,0.0,2578.15
12:08:11.800,0.0,0.0,0.0,0.0,2578.15
12:08:11.900,0.0,0.0,0.0,0.0,2578.15
12:08:12.000,0.0,0.0,0.0,0.0,2578.15
12:08:12.100,0.0,0.0,0.0,0.0,2578.15
12:08:12.200,0.0,0.0,0.0,0.0,2578.15
12:08:12.300,0.0,0.0,0.0,0.0,2578.15
12:08:12.400,0.0,0.0,0.0,0.0,2578.15
12:08:12.500,0.0,0.0,0.0,0.0,2578.15
12:08:12.600,0.0,0.0,0.0,0.0,2578.15
12:08:12.700,0.0,0.0,0.0,0.0,2578.15
12:08:12.800,0.0,0.0,0.0,0.0,2578.15
12:08:12.900,0.0,0.0,0.0,0.0,2578.15
12:08:13.000,0.0,0.0,0.0,0.0,2578.15
12:08:13.100,0.0,0.0,0.0,0.0,2578.15
12:08:13.200,0.0,0.0,0.0,0.0,2578.15
12:08:13.300,0.0,0.0,0.0,0.0,2578.15
12:08:13.400,0.0,0.0,0.0,0.0,2578.15
12:08:13.500,0.0,0.0,0.0,0.0,2578.15
12:08:13.600,0.0,0.0,0.0,0.0,2578.15
12:08:13.700,0.0,0.0,0.0,0.0,2578.15
12:08:13.800,0.0,0.0,0.0,0.0,2578.15
12:08:13.900,0.0,0.0,0.0,0.0,2578.15
12:08:14.000,0.0,0.0,0.0,0.0,2578.15
12:08:14.100,0.0,0.0,0.0,0.0,2578.15
12:08:14.200,0.0,0.0,0.0,0.0,2578.15
12:08:14.300,0.0,0.0,0.0,0.0,2578.15
12:08:14.400,0.0,0.0,0.0,0.0,2578.15
12:08:14.500,0.0,0.0,0.0,0.0,2578.15
12:08:14.600,0.0,0.0,0.0,0.0,2578.15
12:08:14.700,0.0,0.0,0.0,0.0,2578.15
12:08:14.800,0.0,0.0,0.0,0.0,2578.15
12:08:14.900,0.0,0.0,0.0,0.0,2578.15
12:08:15.000,0.0,0.0,0.0,0.0,2578.15
12:08:15.100,0.0,0.0,0.0,0.0,2578.15
12:08:15.200,0.0,0.0,0.0,0.0,2578.15
12:08:15.300,0.0,0.0,0.0,0.0,2578.15
12:08:15.400,0.0,0.0,0.0,0.0,2578.15
12:08:15.500,0.0,0.0,0.0,0.0,2578.15
12:08:15.600,0.0,0.0,0.0,0.0,2578.15
12:08:15.700,0.0,0.0,0.0,0.0,2578.15
12:08:15.800,0.0,0.0,0.0,0.0,2578.15
12:08:15.900,0.0,0.0,0.0,0.0,2578.15
12:08:16.000,0.0,0.0,0.0,0.0,2578.15
12:08:16.100,0.0,0.0,0.0,0.0,2578.15
12:08:16.200,0.0,0.0,0.0,0.0,2578.15
12:08:16.300,0.0,0.0,0.0,0.0,2578.15
12:08:16.400,0.0,0.0,0.0,0.0,2578.15
12:08:16.500,0.0,0.0,0.0,0.0,2578.15
12:08:16.600,0.0,0.0,0.0,0.0,2578.15
12:08:16.700,0.0,0.0,0.0,0.0,2578.15
12:08:16.800,0.0,0.0,0.0,0.0,2578.15
12:08:16.900,0.0,0.0,0.0,0.0,2578.15
12:08:17.000,0.0,0.0,0.0,0.0,2578.15
12:08:17.100,0.0,0.0,0.0,0.0,2578.15
12:08:17.200,0.0,0.0,0.0,0.0,2578.15
12:08:17.300,0.0,0.0,0.0,0.0,2578.15
12:08:17.400,0.0,0.0,0.0,0.0,2578.15
12:08:17.500,0.0,0.0,0.0,0.0,2578.15
12:08:17.600,0.0,0.0,0.0,0.0,2578.15
12:08:17.700,0.0,0.0,0.0,0.0,2578.15
12:08:17.800,0.0,0.0,0.0,0.0,2578.15
12:08:17.900,0.0,0.0,0.0,0.0,2578.15
12:08:18.000,0.0,0.0,0.0,0.0,2578.15
12:08:18.100,0.0,0.0,0.0,0.0,2578.15
12:08:18.200,0.0,0.0,0.0,0.0,2578.15
12:08:18.300,0.0,0.0,0.0,0.0,2578.15
12:08:18.400,0.0,0.0,0.0,0.0,2578.15
12:08:18.500,0.0,0.0,0.0,0.0,2578.15
12:08:18.600,0.0,0.0,0.0,0.0,2578.15
12:08:18.700,0.0,0.0,0.0,0.0,2578.15
12:08:18.800,0.0,0.0,0.0,0.0,2578.15
12:08:18.900,0.0,0.0,0.0,0.0,2578.15
12:08:19.000,0.0,0.0,0.0,0.0,2578.15
12:08:19.100,0.0,0.0,0.0,0.0,2578.15
12:08:19.200,0.0,0.0,0.0,0.0,2578.15
12:08:19.300,0.0,0.0,0.0,0.0,2578.15
12:08:19.400,0.0,0.0,0.0,0.0,2578.15
12:08:19.500,0.0,0.0,0.0,0.0,2578.15
12:08:19.600,0.0,0.0,0.0,0.0,2578.15
12:08:19.700,0.0,0.0,0.0,0.0,2578.15
12:08:19.800,0.0,0.0,0.0,0.0,2578.15
12:08:19.900,0.0,0.0,0.0,0.0,2578.15
12:08:20.000,0.0,0.0,0.0,0.0,2578.15
12:08:20.100,0.0,0.0,0.0,0.0,2578.15
12:08:20.200,0.0,0.0,0.0,0.0,2578.15
12:08:20.300,0.0,0.0,0.0,0.0,2578.15
12:08:20.400,0.0,0.0,0.0,0.0,2578.15
12:08:20.500,0.0,0.0,0.0,0.0,2578.15
12:08:20.600,0.0,0.0,0.0,0.0,2578.15
12:08:20.700,0.0,0.0,0.0,0.0,2578.15
12:08:20.800,0.0,0.0,0.0,0.0,2578.15
12:08:20.900,0.0,0.0,0.0,0.0,2578.15
12:08:21.000,0.0,0.0,0.0,0.0,2578.15
12:08:21.100,0.0,0.0,0.0,0.0,2578.15
12:08:21.200,0.0,0.0,0.0,0.0,2578.15
12:08:21.300,0.0,0.0,0.0,0.0,2578.15
12:08:21.400,0.0,0.0,0.0,0.0,2578.15
12:08:21.500,0.0,0.0,0.0,0.0,2578.15
12:08:21.600,0.0,0.0,0.0,0.0,2578.15
12:08:21.700,0.0,0.0,0.0,0.0,2578.15
12:08:21.800,0.0,0.0,0.0,0.0,2578.15
12:08:21.900,0.0,0.0,0.0,0.0,2578.15
12:08:22.000,0.0,0.0,0.0,0.0,2578.15
12:08:22.100,0.0,0.0,0.0,0.0,2578.15
12:08:22.200,0.0,0.0,0.0,0.0,2578.15
12:08:22.300,0.0,0.0,0.0,0.0,2578.15
12:08:22.400,0.0,0.0,0.0,0.0,2578.15
12:08:22.500,0.0,0.0,0.0,0.0,2578.15
12:08:22.600,0.0,0.0,0.0,0.0,2578.15
12:08:22.700,0.0,0.0,0.0,0.0,2578.15
12:08:22.800,0.0,0.0,0.0,0.0,2578.15
12:08:22.900,0.0,0.0,0.0,0.0,2578.15
12:08:23.000,0.0,0.0,0.0,0.0,2578.15
12:08:23.100,0.0,0.0,0.0,0.0,2578.15
12:08:23.200,0.0,0.0,0.0,0.0,2578.15
12:08:23.300,0.0,0.0,0.0,0.0,2578.15
12:08:23.400,0.0,0.0,0.0,0.0,2578.15
12:08:23.500,0.0,0.0,0.0,0.0,2578.15
12:08:23.600,0.0,0.0,0.0,0.0,2578.15
12:08:23.700,0.0,0.0,0.0,0.0,2578.15
12:08:23.800,0.0,0.0,0.0,0.0,2578.15
12:08:23.900,0.0,0.0,0.0,0.0,2578.15
12:08:24.000,0.0,0.0,0.0,0.0,2578.15
12:08:24.100,0.0,0.0,0.0,0.0,2578.15
12:08:24.200,0.0,0.0,0.0,0.0,2578.15
12:08:24.300,0.0,0.0,0.0,0.0,2578.15
12:08:24.400,0.0,0.0,0.0,0.0,2578.15
12:08:24.500,0.0,0.0,0.0,0.0,2578.15
12:08:24.600,0.0,0.0,0.0,0.0,2578.15
12:08:24.700,0.0,0.0,0.0,0.0,2578.15
12:08:24.800,0.0,0.0,0.0,0.0,2578.15
12:08:24.900,0.0,0.0,0.0,0.0,2578.15
12:08:25.000,0.0,0.0,0.0,0.0,2578.15
12:08:25.100,0.0,0.0,0.0,0.0,2578.15
12:08:25.200,0.0,0.0,0.0,0.0,2578.15
12:08:25.300,0.0,0.0,0.0,0.0,2578.15
12:08:25.400,0.0,0.0,0.0,0.0,2578.15
12:08:25.500,0.0,0.0,0.0,0.0,2578.15
12:08:25.600,0.0,0.0,0.0,0.0,2578.15
12:08:25.700,0.0,0.0,0.0,0.0,2578.15
12:08:25.800,0.0,0.0,0.0,0.0,2578.15
12:08:25.900,0.0,0.0,0.0,0.0,2578.15
12:08:26.000,0.0,0.0,0.0,0.0,2578.15
12:08:26.100,0.0,0.0,0.0,0.0,2578.15
12:08:26.200,0.0,0.0,0.0,0.0,2578.15
12:08:26.300,0.0,0.0,0.0,0.0,2578.15
12:08:26.400,0.0,0.0,0.0,0.0,2578.15
12:08:26.500,0.0,0.0,0.0,0.0,2578.15
12:08:26.600,0.0,0.0,0.0,0.0,2578.15
12:08:26.700,0.0,0.0,0.0,0.0,2578.15
12:08:26.800,0.0,0.0,0.0,0.0,2578.15
12:08:26.900,0.0,0.0,0.0,0.0,2578.15
12:08:27.000,0.0,0.0,0.0,0.0,2578.15
12:08:27.100,0.0,0.0,0.0,0.0,2578.15
12:08:27.200,0.0,0.0,0.0,0.0,2578.15
12:08:27.300,0.0,0.0,0.0,0.0,2578.15
12:08:27.400,0.0,0.0,0.0,0.0,2578.15
12:08:27.500,0.0,0.0,0.0,0.0,2578.15
12:08:27.600,0.0,0.0,0.0,0.0,2578.15
12:08:27.700,0.0,0.0,0.0,0.0,2578.15
12:08:27.800,0.0,0.0,0.0,0.0,2578.15
12:08:27.900,0.0,0.0,0.0,0.0,2578.15
12:08:28.000,0.0,0.0,0.0,0.0,2578.15
12:08:28.100,0.0,0.0,0.0,0.0,2578.15
12:08:28.200,0.0,0.0,0.0,0.0,2578.15
12:08:28.300,0.0,0.0,0.0,0.0,2578.15
12:08:28.400,0.0,0.0,0.0,0.0,2578.15
12:08:28.500,0.0,0.0,0.0,0.0,2578.15
12:08:28.600,0.0,0.0,0.0,0.0,2578.15
12:08:28.700,0.0,0.0,0.0,0.0,2578.15
12:08:28.800,0.0,0.0,0.0,0.0,2578.15
12:08:28.900,0.0,0.0,0.0,0.0,2578.15
12:08:29.000,0.0,0.0,0.0,0.0,2578.15
12:08:29.100,0.0,0.0,0.0,0.0,2578.15
12:08:29.200,0.0,0.0,0.0,0.0,2578.15
12:08:29.300,0.0,0.0,0.0,0.0,2578.15
12:08:29.400,0.0,0.0,0.0,0.0,2578.15
12:08:29.500,0.0,0.0,0.0,0.0,2578.15
12:08:29.600,0.0,0.0,0.0,0.0,2578.15
12:08:29.700,0.0,0.0,0.0,0.0,2578.15
12:08:29.800,0.0,0.0,0.0,0.0,2578.15
12:08:29.900,0.0,0.0,0.0,0.0,2578.15
12:08:30.000,0.0,0.0,0.0,0.0,2578.15
12:08:30.100,0.0,0.0,0.0,0.0,2578.15
12:08:30.200,0.0,0.0,0.0,0.0,2578.15
12:08:30.300,0.0,0.0,0.0,0.0,2578.15
12:08:30.400,0.0,0.0,0.0,0.0,2578.15
12:08:30.500,0.0,0.0,0.0,0.0,2578.15
12:08:30.600,0.0,0.0,0.0,0.0,2578.15
12:08:30.700,0.0,0.0,0.0,0.0,2578.15
12:08:30.800,0.0,0.0,0.0,0.0,2578.15
12:08:30.900,0.0,0.0,0.0,0.0,2578.15
12:08:31.000,0.0,0.0,0.0,0.0,2578.15
12:08:31.100,0.0,0.0,0.0,0.0,2578.15
12:08:31.200,0.0,0.0,0.0,0.0,2578.15
12:08:31.300,0.0,0.0,0.0,0.0,2578.15
12:08:31.400,0.0,0.0,0.0,0.0,2578.15
12:08:31.500,0.0,0.0,0.0,0.0,2578.15
12:08:31.600,0.0,0.0,0.0,0.0,2578.15
12:08:31.700,0.0,0.0,0.0,0.0,2578.15
12:08:31.800,0.0,0.0,0.0,0.0,2578.15
12:08:31.900,0.0,0.0,0.0,0.0,2578.15
12:08:32.000,0.0,0.0,0.0,0.0,2578.15
12:08:32.100,0.0,0.0,0.0,0.0,2578.15
12:08:32.200,0.0,0.0,0.0,0.0,2578.15
12:08:32.300,0.0,0.0,0.0,0.0,2578.15
12:08:32.400,0.0,0.0,0.0,0.0,2578.15
12:08:32.500,0.0,0.0,0.0,0.0,2578.15
12:08:32.600,0.0,0.0,0.0,0.0,2578.15
12:08:32.700,0.0,0.0,0.0,0.0,2578.15
12:08:32.800,0.0,0.0,0.0,0.0,2578.15
12:08:32.900,0.0,0.0,0.0,0.0,2578.15
12:08:33.000,0.0,0.0,0.0,0.0,2578.15
12:08:33.100,0.0,0.0,0.0,0.0,2578.15
12:08:33.200,0.0,0.0,0.0,0.0,2578.15
12:08:33.300,0.0,0.0,0.0,0.0,2578.15
12:08:33.400,0.0,0.0,0.0,0.0,2578.15
12:08:33.500,0.0,0.0,0.0,0.0,2578.15
12:08:33.600,0.0,0.0,0.0,0.0,2578.15
12:08:33.700,0.0,0.0,0.0,0.0,2578.15
12:08:33.800,0.0,0.0,0.0,0.0,2578.15
12:08:33.900,0.0,0.0,0.0,0.0,2578.15
12:08:34.000,0.0,0.0,0.0,0.0,2578.15
12:08:34.100,0.0,0.0,0.0,0.0,2578.15
12:08:34.200,0.0,0.0,0.0,0.0,2578.15
12:08:34.300,0.0,0.0,0.0,0.0,2578.15
12:08:34.400,0.0,0.0,0.0,0.0,2578.15
12:08:34.500,0.0,0.0,0.0,0.0,2578.15
12:08:34.600,0.0,0.0,0.0,0.0,2578.15
12:08:34.700,0.0,0.0,0.0,0.0,2578.15
12:08:34.800,0.0,0.0,0.0,0.0,2578.15
12:08:34.900,0.0,0.0,0.0,0.0,2578.15
12:08:35.000,0.0,0.0,0.0,0.0,2578.15
12:08:35.100,0.0,0.0,0.0,0.0,2578.15
12:08:35.200,0.0,0.0,0.0,0.0,2578.15
12:08:35.300,0.0,0.0,0.0,0.0,2578.15
12:08:35.400,0.0,0.0,0.0,0.0,2578.15
12:08:35.500,0.0,0.0,0.0,0.0,2578.15
12:08:35.600,0.0,0.0,0.0,0.0,2578.15
12:08:35.700,0.0,0.0,0.0,0.0,2578.15
12:08:35.800,0.0,0.0,0.0,0.0,2578.15
12:08:35.900,0.0,0.0,0.0,0.0,2578.15
12:08:36.000,0.0,0.0,0.0,0.0,2578.15
12:08:36.100,0.0,0.0,0.0,0.0,2578.15
12:08:36.200,0.0,0.0,0.0,0.0,2578.15
12:08:36.300,0.0,0.0,0.0,0.0,2578.15
12:08:36.400,0.0,0.0,0.0,0.0,2578.15
12:08:36.500,0.0,0.0,0.0,0.0,2578.15
12:08:36.600,0.0,0.0,0.0,0.0,2578.15
12:08:36.700,0.0,0.0,0.0,0.0,2578.15
12:08:36.800,0.0,0.0,0.0,0.0,2578.15
12:08:36.900,0.0,0.0,0.0,0.0,2578.15
12:08:37.000,0.0,0.0,0.0,0.0,2578.15
12:08:37.100,0.0,0.0,0.0,0.0,2578.15
12:08:37.200,0.0,0.0,0.0,0.0,2578.15
12:08:37.300,0.0,0.0,0.0,0.0,2578.15
12:08:37.400,0.0,0.0,0.0,0.0,2578.15
12:08:37.500,0.0,0.0,0.0,0.0,2578.15
12:08:37.600,0.0,0.0,0.0,0.0,2578.15
12:08:37.700,0.0,0.0,0.0,0.0,2578.15
12:08:37.800,0.0,0.0,0.0,0.0,2578.15
12:08:37.900,0.0,0.0,0.0,0.0,2578.15
12:08:38.000,0.0,0.0,0.0,0.0,2578.15
12:08:38.100,0.0,0.0,0.0,0.0,2578.15
12:08:38.200,0.0,0.0,0.0,0.0,2578.15
12:08:38.300,0.0,0.0,0.0,0.0,2578.15
12:08:38.400,0.0,0.0,0.0,0.0,2578.15
12:08:38.500,0.0,0.0,0.0,0.0,2578.15
12:08:38.600,0.0,0.0,0.0,0.0,2578.15
12:08:38.700,0.0,0.0,0.0,0.0,2578.15
12:08:38.800,0.0,0.0,0.0,0.0,2578.15
12:08:38.900,0.0,0.0,0.0,0.0,2578.15
12:08:39.000,0.0,0.0,0.0,0.0,2578.15
12:08:39.100,0.0,0.0,0.0,0.0,2578.15
12:08:39.200,0.0,0.0,0.0,0.0,2578.15
12:08:39.300,0.0,0.0,0.0,0.0,2578.15
12:08:39.400,0.0,0.0,0.0,0.0,2578.15
12:08:39.500,0.0,0.0,0.0,0.0,2578.15
12:08:39.600,0.0,0.0,0.0,0.0,2578.15
12:08:39.700,0.0,0.0,0.0,0.0,2578.15
12:08:39.800,0.0,0.0,0.0,0.0,2578.15
12:08:39.900,0.0,0.0,0.0,0.0,2578.15
12:08:40.000,0.0,0.0,0.0,0.0,2578.15
12:08:40.100,0.0,0.0,0.0,0.0,2578.15
12:08:40.200,0.0,0.0,0.0,0.0,2578.15
12:08:40.300,0.0,0.0,0.0,0.0,2578.15
12:08:40.400,0.0,0.0,0.0,0.0,2578.15
12:08:40.500,0.0,0.0,0.0,0.0,2578.15
12:08:40.600,0.0,0.0,0.0,0.0,2578.15
12:08:40.700,0.0,0.0,0.0,0.0,2578.15
12:08:40.800,0.0,0.0,0.0,0.0,2578.15
12:08:40.900,0.0,0.0,0.0,0.0,2578.15
12:08:41.000,0.0,0.0,0.0,0.0,2578.15
12:08:41.100,0.0,0.0,0.0,0.0,2578.15
12:08:41.200,0.0,0.0,0.0,0.0,2578.15
12:08:41.300,0.0,0.0,0.0,0.0,2578.15
12:08:41.400,0.0,0.0,0.0,0.0,2578.15
12:08:41.500,0.0,0.0,0.0,0.0,2578.15
12:08:41.600,0.0,0.0,0.0,0.0,2578.15
12:08:41.700,0.0,0.0,0.0,0.0,2578.15
12:08:41.800,0.0,0.0,0.0,0.0,2578.15
12:08:41.900,0.0,0.0,0.0,0.0,2578.15
12:08:42.000,0.0,0.0,0.0,0.0,2578.15
12:08:42.100,0.0,0.0,0.0,0.0,2578.15
12:08:42.200,0.0,0.0,0.0,0.0,2578.15
12:08:42.300,0.0,0.0,0.0,0.0,2578.15
12:08:42.400,0.0,0.0,0.0,0.0,2578.15
12:08:42.500,0.0,0.0,0.0,0.0,2578.15
12:08:42.600,0.0,0.0,0.0,0.0,2578.15
12:08:42.700,0.0,0.0,0.0,0.0,2578.15
12:08:42.800,0.0,0.0,0.0,0.0,2578.15
12:08:42.900,0.0,0.0,0.0,0.0,2578.15
12:08:43.000,0.0,0.0,0.0,0.0,2578.15
12:08:43.100,0.0,0.0,0.0,0.0,2578.15
12:08:43.200,0.0,0.0,0.0,0.0,2578.15
12:08:43.300,0.0,0.0,0.0,0.0,2578.15
12:08:43.400,0.0,0.0,0.0,0.0,2578.15
12:08:43.500,0.0,0.0,0.0,0.0,2578.15
12:08:43.600,0.0,0.0,0.0,0.0,2578.15
12:08:43.700,0.0,0.0,0.0,0.0,2578.15
12:08:43.800,0.0,0.0,0.0,0.0,2578.15
12:08:43.900,0.0,0.0,0.0,0.0,2578.15
12:08:44.000,0.0,0.0,0.0,0.0,2578.15
12:08:44.100,0.0,0.0,0.0,0.0,2578.15
12:08:44.200,0.0,0.0,0.0,0.0,2578.15
12:08:44.300,0.0,0.0,0.0,0.0,2578.15
12:08:44.400,0.0,0.0,0.0,0.0,2578.15
12:08:44.500,0.0,0.0,0.0,0.0,2578.15
12:08:44.600,0.0,0.0,0.0,0.0,2578.15
12:08:44.700,0.0,0.0,0.0,0.0,2578.15
12:08:44.800,0.0,0.0,0.0,0.0,2578.15
12:08:44.900,0.0,0.0,0.0,0.0,2578.15
12:08:45.000,0.0,0.0,0.0,0.0,2578.15
12:08:45.100,0.0,0.0,0.0,0.0,2578.15
12:08:45.200,0.0,0.0,0.0,0.0,2578.15
12:08:45.300,0.0,0.0,0.0,0.0,2578.15
12:08:45.400,0.0,0.0,0.0,0.0,2578.15
12:08:45.500,0.0,0.0,0.0,0.0,2578.15
12:08:45.600,0.0,0.0,0.0,0.0,2578.15
12:08:45.700,0.0,0.0,0.0,0.0,2578.15
12:08:45.800,0.0,0.0,0.0,0.0,2578.15
12:08:45.900,0.0,0.0,0.0,0.0,2578.15
12:08:46.000,0.0,0.0,0.0,0.0,2578.15
12:08:46.100,0.0,0.0,0.0,0.0,2578.15
12:08:46.200,0.0,0.0,0.0,0.0,2578.15
12:08:46.300,0.0,0.0,0.0,0.0,2578.15
12:08:46.400,0.0,0.0,0.0,0.0,2578.15
12:08:46.500,0.0,0.0,0.0,0.0,2578.15
12:08:46.600,0.0,0.0,0.0,0.0,2578.15
12:08:46.700,0.0,0.0,0.0,0.0,2578.15
12:08:46.800,0.0,0.0,0.0,0.0,2578.15
12:08:46.900,0.0,0.0,0.0,0.0,2578.15
12:08:47.000,0.0,0.0,0.0,0.0,2578.15
12:08:47.100,0.0,0.0,0.0,0.0,2578.15
12:08:47.200,0.0,0.0,0.0,0.0,2578.15
12:08:47.300,0.0,0.0,0.0,0.0,2578.15
12:08:47.400,0.0,0.0,0.0,0.0,2578.15
12:08:47.500,0.0,0.0,0.0,0.0,2578.15
12:08:47.600,0.0,0.0,0.0,0.0,2578.15
12:08:47.700,0.0,0.0,0.0,0.0,2578.15
12:08:47.800,0.0,0.0,0.0,0.0,2578.15
12:08:47.900,0.0,0.0,0.0,0.0,2578.15
12:08:48.000,0.0,0.0,0.0,0.0,2578.15
12:08:48.100,0.0,0.0,0.0,0.0,2578.15
12:08:48.200,0.0,0.0,0.0,0.0,2578.15
12:08:48.300,0.0,0.0,0.0,0.0,2578.15
12:08:48.400,0.0,0.0,0.0,0.0,2578.15
12:08:48.500,0.0,0.0,0.0,0.0,2578.15
12:08:48.600,0.0,0.0,0.0,0.0,2578.15
12:08:48.700,0.0,0.0,0.0,0.0,2578.15
12:08:48.800,0.0,0.0,0.0,0.0,2578.15
12:08:48.900,0.0,0.0,0.0,0.0,2578.15
12:08:49.000,0.0,0.0,0.0,0.0,2578.15
12:08:49.100,0.0,0.0,0.0,0.0,2578.15
12:08:49.200,0.0,0.0,0.0,0.0,2578.15
12:08:49.300,0.0,0.0,0.0,0.0,2578.15
12:08:49.400,0.0,0.0,0.0,0.0,2578.15
12:08:49.500,0.0,0.0,0.0,0.0,2578.15
12:08:49.600,0.0,0.0,0.0,0.0,2578.15
12:08:49.700,0.0,0.0,0.0,0.0,2578.15
12:08:49.800,0.0,0.0,0.0,0.0,2578.15
12:08:49.900,0.0,0.0,0.0,0.0,2578.15
12:08:50.000,0.0,0.0,0.0,0.0,2578.15
12:08:50.100,0.0,0.0,0.0,0.0,2578.15
12:08:50.200,0.0,0.0,0.0,0.0,2578.15
12:08:50.300,0.0,0.0,0.0,0.0,2578.15
12:08:50.400,0.0,0.0,0.0,0.0,2578.15
12:08:50.500,0.0,0.0,0.0,0.0,2578.15
12:08:50.600,0.0,0.0,0.0,0.0,2578.15
12:08:50.700,0.0,0.0,0.0,0.0,2578.15
12:08:50.800,0.0,0.0,0.0,0.0,2578.15
12:08:50.900,0.0,0.0,0.0,0.0,2578.15
12:08:51.000,0.0,0.0,0.0,0.0,2578.15
12:08:51.100,0.0,0.0,0.0,0.0,2578.15
12:08:51.200,0.0,0.0,0.0,0.0,2578.15
12:08:51.300,0.0,0.0,0.0,0.0,2578.15
12:08:51.400,0.0,0.0,0.0,0.0,2578.15
12:08:51.500,0.0,0.0,0.0,0.0,2578.15
12:08:51.600,0.0,0.0,0.0,0.0,2578.15
12:08:51.700,0.0,0.0,0.0,0.0,2578.15
12:08:51.800,0.0,0.0,0.0,0.0,2578.15
12:08:51.900,0.0,0.0,0.0,0.0,2578.15
12:08:52.000,0.0,0.0,0.0,0.0,2578.15
12:08:52.100,0.0,0.0,0.0,0.0,2578.15
12:08:52.200,0.0,0.0,0.0,0.0,2578.15
12:08:52.300,0.0,0.0,0.0,0.0,2578.15
12:08:52.400,0.0,0.0,0.0,0.0,2578.15
12:08:52.500,0.0,0.0,0.0,0.0,2578.15
12:08:52.600,0.0,0.0,0.0,0.0,2578.15
12:08:52.700,0.0,0.0,0.0,0.0,2578.15
12:08:52.800,0.0,0.0,0.0,0.0,2578.15
12:08:52.900,0.0,0.0,0.0,0.0,2578.15
12:08:53.000,0.0,0.0,0.0,0.0,2578.15
12:08:53.100,0.0,0.0,0.0,0.0,2578.15
12:08:53.200,0.0,0.0,0.0,0.0,2578.15
12:08:53.300,0.0,0.0,0.0,0.0,2578.15
12:08:53.400,0.0,0.0,0.0,0.0,2578.15
12:08:53.500,0.0,0.0,0.0,0.0,2578.15
12:08:53.600,0.0,0.0,0.0,0.0,2578.15
12:08:53.700,0.0,0.0,0.0,0.0,2578.15
12:08:53.800,0.0,0.0,0.0,0.0,2578.15
12:08:53.900,0.0,0.0,0.0,0.0,2578.15
12:08:54.000,0.0,0.0,0.0,0.0,2578.15
12:08:54.100,0.0,0.0,0.0,0.0,2578.15
12:08:54.200,0.0,0.0,0.0,0.0,2578.15
12:08:54.300,0.0,0.0,0.0,0.0,2578.15
12:08:54.400,0.0,0.0,0.0,0.0,2578.15
12:08:54.500,0.0,0.0,0.0,0.0,2578.15
12:08:54.600,0.0,0.0,0.0,0.0,2578.15
12:08:54.700,0.0,0.0,0.0,0.0,2578.15
12:08:54.800,0.0,0.0,0.0,0.0,2578.15
12:08:54.900,0.0,0.0,0.0,0.0,2578.15
12:08:55.000,0.0,0.0,0.0,0.0,2578.15
12:08:55.100,0.0,0.0,0.0,0.0,2578.15
12:08:55.200,0.0,0.0,0.0,0.0,2578.15
12:08:55.300,0.0,0.0,0.0,0.0,2578.15
12:08:55.400,0.0,0.0,0.0,0.0,2578.15
12:08:55.500,0.0,0.0,0.0,0.0,2578.15
12:08:55.600,0.0,0.0,0.0,0.0,2578.15
12:08:55.700,0.0,0.0,0.0,0.0,2578.15
12:08:55.800,0.0,0.0,0.0,0.0,2578.15
12:08:55.900,0.0,0.0,0.0,0.0,2578.15
12:08:56.000,0.0,0.0,0.0,0.0,2578.15
12:08:56.100,0.0,0.0,0.0,0.0,2578.15
12:08:56.200,0.0,0.0,0.0,0.0,2578.15
12:08:56.300,0.0,0.0,0.0,0.0,2578.15
12:08:56.400,0.0,0.0,0.0,0.0,2578.15
12:08:56.500,0.0,0.0,0.0,0.0,2578.15
12:08:56.600,0.0,0.0,0.0,0.0,2578.15
12:08:56.700,0.0,0.0,0.0,0.0,2578.15
12:08:56.800,0.0,0.0,0.0,0.0,2578.15
12:08:56.900,0.0,0.0,0.0,0.0,2578.15
12:08:57.000,0.0,0.0,0.0,0.0,2578.15
12:08:57.100,0.0,0.0,0.0,0.0,2578.15
12:08:57.200,0.0,0.0,0.0,0.0,2578.15
12:08:57.300,0.0,0.0,0.0,0.0,2578.15
12:08:57.400,0.0,0.0,0.0,0.0,2578.15
12:08:57.500,0.0,0.0,0.0,0.0,2578.15
12:08:57.600,0.0,0.0,0.0,0.0,2578.15
12:08:57.700,0.0,0.0,0.0,0.0,2578.15
12:08:57.800,0.0,0.0,0.0,0.0,2578.15
12:08:57.900,0.0,0.0,0.0,0.0,2578.15
12:08:58.000,0.0,0.0,0.0,0.0,2578.15
12:08:58.100,0.0,0.0,0.0,0.0,2578.15
12:08:58.200,0.0,0.0,0.0,0.0,2578.15
12:08:58.300,0.0,0.0,0.0,0.0,2578.15
12:08:58.400,0.0,0.0,0.0,0.0,2578.15
12:08:58.500,0.0,0.0,0.0,0.0,2578.15
12:08:58.600,0.0,0.0,0.0,0.0,2578.15
12:08:58.700,0.0,0.0,0.0,0.0,2578.15
12:08:58.800,0.0,0.0,0.0,0.0,2578.15
12:08:58.900,0.0,0.0,0.0,0.0,2578.15
12:08:59.000,0.0,0.0,0.0,0.0,2578.15
12:08:59.100,0.0,0.0,0.0,0.0,2578.15
12:08:59.200,0.0,0.0,0.0,0.0,2578.15
12:08:59.300,0.0,0.0,0.0,0.0,2578.15
12:08:59.400,0.0,0.0,0.0,0.0,2578.15
12:08:59.500,0.0,0.0,0.0,0.0,2578.15
12:08:59.600,0.0,0.0,0.0,0.0,2578.15
12:08:59.700,0.0,0.0,0.0,0.0,2578.15
12:08:59.800,0.0,0.0,0.0,0.0,2578.15
12:08:59.900,0.0,0.0,0.0,0.0,2578.15
12:09:00.000,0.0,0.0,0.0,0.0,2578.15
12:09:00.100,0.0,0.0,0.0,0.0,2578.15
12:09:00.200,0.0,0.0,0.0,0.0,2578.15
12:09:00.300,0.0,0.0,0.0,0.0,2578.15
12:09:00.400,0.0,0.0,0.0,0.0,2578.15
12:09:00.500,0.0,0.0,0.0,0.0,2578.15
12:09:00.600,0.0,0.0,0.0,0.0,2578.15
12:09:00.700,0.0,0.0,0.0,0.0,2578.15
12:09:00.800,0.0,0.0,0.0,0.0,2578.15
12:09:00.900,0.0,0.0,0.0,0.0,2578.15
12:09:01.000,0.0,0.0,0.0,0.0,2578.15
12:09:01.100,0.0,0.0,0.0,0.0,2578.15
12:09:01.200,0.0,0.0,0.0,0.0,2578.15
12:09:01.300,0.0,0.0,0.0,0.0,2578.15
12:09:01.400,0.0,0.0,0.0,0.0,2578.15
12:09:01.500,0.0,0.0,0.0,0.0,2578.15
12:09:01.600,0.0,0.0,0.0,0.0,2578.15
12:09:01.700,0.0,0.0,0.0,0.0,2578.15
12:09:01.800,0.0,0.0,0.0,0.0,2578.15
12:09:01.900,0.0,0.0,0.0,0.0,2578.15
12:09:02.000,0.0,0.0,0.0,0.0,2578.15
12:09:02.100,0.0,0.0,0.0,0.0,2578.15
12:09:02.200,0.0,0.0,0.0,0.0,2578.15
12:09:02.300,0.0,0.0,0.0,0.0,2578.15
12:09:02.400,0.0,0.0,0.0,0.0,2578.15
12:09:02.500,0.0,0.0,0.0,0.0,2578.15
12:09:02.600,0.0,0.0,0.0,0.0,2578.15
12:09:02.700,0.0,0.0,0.0,0.0,2578.15
12:09:02.800,0.0,0.0,0.0,0.0,2578.15
12:09:02.900,0.0,0.0,0.0,0.0,2578.15
12:09:03.000,0.0,0.0,0.0,0.0,2578.15
12:09:03.100,0.0,0.0,0.0,0.0,2578.15
12:09:03.200,0.0,0.0,0.0,0.0,2578.15
12:09:03.300,0.0,0.0,0.0,0.0,2578.15
12:09:03.400,0.0,0.0,0.0,0.0,2578.15
12:09:03.500,0.0,0.0,0.0,0.0,2578.15
12:09:03.600,0.0,0.0,0.0,0.0,2578.15
12:09:03.700,0.0,0.0,0.0,0.0,2578.15
12:09:03.800,0.0,0.0,0.0,0.0,2578.15
12:09:03.900,0.0,0.0,0.0,0.0,2578.15
12:09:04.000,0.0,0.0,0.0,0.0,2578.15
12:09:04.100,0.0,0.0,0.0,0.0,2578.15
12:09:04.200,0.0,0.0,0.0,0.0,2578.15
12:09:04.300,0.0,0.0,0.0,0.0,2578.15
12:09:04.400,0.0,0.0,0.0,0.0,2578.15
12:09:04.500,0.0,0.0,0.0,0.0,2578.15
12:09:04.600,0.0,0.0,0.0,0.0,2578.15
12:09:04.700,0.0,0.0,0.0,0.0,2578.15
12:09:04.800,0.0,0.0,0.0,0.0,2578.15
12:09:04.900,0.0,0.0,0.0,0.0,2578.15
12:09:05.000,0.0,0.0,0.0,0.0,2578.15
12:09:05.100,0.0,0.0,0.0,0.0,2578.15
12:09:05.200,0.0,0.0,0.0,0.0,2578.15
12:09:05.300,0.0,0.0,0.0,0.0,2578.15
12:09:05.400,0.0,0.0,0.0,0.0,2578.15
12:09:05.500,0.0,0.0,0.0,0.0,2578.15
12:09:05.600,0.0,0.0,0.0,0.0,2578.15
12:09:05.700,0.0,0.0,0.0,0.0,2578.15
12:09:05.800,0.0,0.0,0.0,0.0,2578.15
12:09:05.900,0.0,0.0,0.0,0.0,2578.15
12:09:06.000,0.0,0.0,0.0,0.0,2578.15
12:09:06.100,0.0,0.0,0.0,0.0,2578.15
12:09:06.200,0.0,0.0,0.0,0.0,2578.15
12:09:06.300,0.0,0.0,0.0,0.0,2578.15
12:09:06.400,0.0,0.0,0.0,0.0,2578.15
12:09:06.500,0.0,0.0,0.0,0.0,2578.15
12:09:06.600,0.0,0.0,0.0,0.0,2578.15
12:09:06.700,0.0,0.0,0.0,0.0,2578.15
12:09:06.800,0.0,0.0,0.0,0.0,2578.15
12:09:06.900,0.0,0.0,0.0,0.0,2578.15
12:09:07.000,0.0,0.0,0.0,0.0,2578.15
12:09:07.100,0.0,0.0,0.0,0.0,2578.15
12:09:07.200,0.0,0.0,0.0,0.0,2578.15
12:09:07.300,0.0,0.0,0.0,0.0,2578.15
12:09:07.400,0.0,0.0,0.0,0.0,2578.15
12:09:07.500,0.0,0.0,0.0,0.0,2578.15
12:09:07.600,0.0,0.0,0.0,0.0,2578.15
12:09:07.700,0.0,0.0,0.0,0.0,2578.15
12:09:07.800,0.0,0.0,0.0,0.0,2578.15
12:09:07.900,0.0,0.0,0.0,0.0,2578.15
12:09:08.000,0.0,0.0,0.0,0.0,2578.15
12:09:08.100,0.0,0.0,0.0,0.0,2578.15
12:09:08.200,0.0,0.0,0.0,0.0,2578.15
12:09:08.300,0.0,0.0,0.0,0.0,2578.15
12:09:08.400,0.0,0.0,0.0,0.0,2578.15
12:09:08.500,0.0,0.0,0.0,0.0,2578.15
12:09:08.600,0.0,0.0,0.0,0.0,2578.15
12:09:08.700,0.0,0.0,0.0,0.0,2578.15
12:09:08.800,0.0,0.0,0.0,0.0,2578.15
12:09:08.900,0.0,0.0,0.0,0.0,2578.15
12:09:09.000,0.0,0.0,0.0,0.0,2578.15
12:09:09.100,0.0,0.0,0.0,0.0,2578.15
12:09:09.200,0.0,0.0,0.0,0.0,2578.15
12:09:09.300,0.0,0.0,0.0,0.0,2578.15
12:09:09.400,0.0,0.0,0.0,0.0,2578.15
12:09:09.500,0.0,0.0,0.0,0.0,2578.15
12:09:09.600,0.0,0.0,0.0,0.0,2578.15
12:09:09.700,0.0,0.0,0.0,0.0,2578.15
12:09:09.800,0.0,0.0,0.0,0.0,2578.15
12:09:09.900,0.0,0.0,0.0,0.0,2578.15
12:09:10.000,0.0,0.0,0.0,0.0,2578.15
12:09:10.100,0.0,0.0,0.0,0.0,2578.15
12:09:10.200,0.0,0.0,0.0,0.0,2578.15
12:09:10.300,0.0,0.0,0.0,0.0,2578.15
12:09:10.400,0.0,0.0,0.0,0.0,2578.15
12:09:10.500,0.0,0.0,0.0,0.0,2578.15
12:09:10.600,0.0,0.0,0.0,0.0,2578.15
12:09:10.700,0.0,0.0,0.0,0.0,2578.15
12:09:10.800,0.0,0.0,0.0,0.0,2578.15
12:09:10.900,0.0,0.0,0.0,0.0,2578.15
12:09:11.000,0.0,0.0,0.0,0.0,2578.15
12:09:11.100,0.0,0.0,0.0,0.0,2578.15
12:09:11.200,0.0,0.0,0.0,0.0,2578.15
12:09:11.300,0.0,0.0,0.0,0.0,2578.15
12:09:11.400,0.0,0.0,0.0,0.0,2578.15
12:09:11.500,0.0,0.0,0.0,0.0,2578.15
12:09:11.600,0.0,0.0,0.0,0.0,2578.15
12:09:11.700,0.0,0.0,0.0,0.0,2578.15
12:09:11.800,0.0,0.0,0.0,0.0,2578.15
12:09:11.900,0.0,0.0,0.0,0.0,2578.15
12:09:12.000,0.0,0.0,0.0,0.0,2578.15
12:09:12.100,0.0,0.0,0.0,0.0,2578.15
12:09:12.200,0.0,0.0,0.0,0.0,2578.15
12:09:12.300,0.0,0.0,0.0,0.0,2578.15
12:09:12.400,0.0,0.0,0.0,0.0,2578.15
12:09:12.500,0.0,0.0,0.0,0.0,2578.15
12:09:12.600,0.0,0.0,0.0,0.0,2578.15
12:09:12.700,0.0,0.0,0.0,0.0,2578.15
12:09:12.800,0.0,0.0,0.0,0.0,2578.15
12:09:12.900,0.0,0.0,0.0,0.0,2578.15
12:09:13.000,0.0,0.0,0.0,0.0,2578.15
12:09:13.100,0.0,0.0,0.0,0.0,2578.15
12:09:13.200,0.0,0.0,0.0,0.0,2578.15
12:09:13.300,0.0,0.0,0.0,0.0,2578.15
12:09:13.400,0.0,0.0,0.0,0.0,2578.15
12:09:13.500,0.0,0.0,0.0,0.0,2578.15
12:09:13.600,0.0,0.0,0.0,0.0,2578.15
12:09:13.700,0.0,0.0,0.0,0.0,2578.15
12:09:13.800,0.0,0.0,0.0,0.0,2578.15
12:09:13.900,0.0,0.0,0.0,0.0,2578.15
12:09:14.000,0.0,0.0,0.0,0.0,2578.15
12:09:14.100,0.0,0.0,0.0,0.0,2578.15
12:09:14.200,0.0,0.0,0.0,0.0,2578.15
12:09:14.300,0.0,0.0,0.0,0.0,2578.15
12:09:14.400,0.0,0.0,0.0,0.0,2578.15
12:09:14.500,0.0,0.0,0.0,0.0,2578.15
12:09:14.600,0.0,0.0,0.0,0.0,2578.15
12:09:14.700,0.0,0.0,0.0,0.0,2578.15
12:09:14.800,0.0,0.0,0.0,0.0,2578.15
12:09:14.900,0.0,0.0,0.0,0.0,2578.15
12:09:15.000,0.0,0.0,0.0,0.0,2578.15
12:09:15.100,0.0,0.0,0.0,0.0,2578.15
12:09:15.200,0.0,0.0,0.0,0.0,2578.15
12:09:15.300,0.0,0.0,0.0,0.0,2578.15
12:09:15.400,0.0,0.0,0.0,0.0,2578.15
12:09:15.500,0.0,0.0,0.0,0.0,2578.15
12:09:15.600,0.0,0.0,0.0,0.0,2578.15
12:09:15.700,0.0,0.0,0.0,0.0,2578.15
12:09:15.800,0.0,0.0,0.0,0.0,2578.15
12:09:15.900,0.0,0.0,0.0,0.0,2578.15
12:09:16.000,0.0,0.0,0.0,0.0,2578.15
12:09:16.100,0.0,0.0,0.0,0.0,2578.15
12:09:16.200,0.0,0.0,0.0,0.0,2578.15
12:09:16.300,0.0,0.0,0.0,0.0,2578.15
12:09:16.400,0.0,0.0,0.0,0.0,2578.15
12:09:16.500,0.0,0.0,0.0,0.0,2578.15
12:09:16.600,0.0,0.0,0.0,0.0,2578.15
12:09:16.700,0.0,0.0,0.0,0.0,2578.15
12:09:16.800,0.0,0.0,0.0,0.0,2578.15
12:09:16.900,0.0,0.0,0.0,0.0,2578.15
12:09:17.000,0.0,0.0,0.0,0.0,2578.15
12:09:17.100,0.0,0.0,0.0,0.0,2578.15
12:09:17.200,0.0,0.0,0.0,0.0,2578.15
12:09:17.300,0.0,0.0,0.0,0.0,2578.15
12:09:17.400,0.0,0.0,0.0,0.0,2578.15
12:09:17.500,0.0,0.0,0.0,0.0,2578.15
12:09:17.600,0.0,0.0,0.0,0.0,2578.15
12:09:17.700,0.0,0.0,0.0,0.0,2578.15
12:09:17.800,0.0,0.0,0.0,0.0,2578.15
12:09:17.900,0.0,0.0,0.0,0.0,2578.15
12:09:18.000,0.0,0.0,0.0,0.0,2578.15
12:09:18.100,0.0,0.0,0.0,0.0,2578.15
12:09:18.200,0.0,0.0,0.0,0.0,2578.15
12:09:18.300,0.0,0.0,0.0,0.0,2578.15
12:09:18.400,0.0,0.0,0.0,0.0,2578.15
12:09:18.500,0.0,0.0,0.0,0.0,2578.15
12:09:18.600,0.0,0.0,0.0,0.0,2578.15
12:09:18.700,0.0,0.0,0.0,0.0,2578.15
12:09:18.800,0.0,0.0,0.0,0.0,2578.15
12:09:18.900,0.0,0.0,0.0,0.0,2578.15
12:09:19.000,0.0,0.0,0.0,0.0,2578.15
12:09:19.100,0.0,0.0,0.0,0.0,2578.15
12:09:19.200,0.0,0.0,0.0,0.0,2578.15
12:09:19.300,0.0,0.0,0.0,0.0,2578.15
12:09:19.400,0.0,0.0,0.0,0.0,2578.15
12:09:19.500,0.0,0.0,0.0,0.0,2578.15
12:09:19.600,0.0,0.0,0.0,0.0,2578.15
12:09:19.700,0.0,0.0,0.0,0.0,2578.15
12:09:19.800,0.0,0.0,0.0,0.0,2578.15
12:09:19.900,0.0,0.0,0.0,0.0,2578.15
12:09:20.000,0.0,0.0,0.0,0.0,2578.15
12:09:20.100,0.0,0.0,0.0,0.0,2578.15
12:09:20.200,0.0,0.0,0.0,0.0,2578.15
12:09:20.300,0.0,0.0,0.0,0.0,2578.15
12:09:20.400,0.0,0.0,0.0,0.0,2578.15
12:09:20.500,0.0,0.0,0.0,0.0,2578.15
12:09:20.600,0.0,0.0,0.0,0.0,2578.15
12:09:20.700,0.0,0.0,0.0,0.0,2578.15
12:09:20.800,0.0,0.0,0.0,0.0,2578.15
12:09:20.900,0.0,0.0,0.0,0.0,2578.15
12:09:21.000,0.0,0.0,0.0,0.0,2578.15
12:09:21.100,0.0,0.0,0.0,0.0,2578.15
12:09:21.200,0.0,0.0,0.0,0.0,2578.15
12:09:21.300,0.0,0.0,0.0,0.0,2578.15
12:09:21.400,0.0,0.0,0.0,0.0,2578.15
12:09:21.500,0.0,0.0,0.0,0.0,2578.15
12:09:21.600,0.0,0.0,0.0,0.0,2578.15
12:09:21.700,0.0,0.0,0.0,0.0,2578.15
12:09:21.800,0.0,0.0,0.0,0.0,2578.15
12:09:21.900,0.0,0.0,0.0,0.0,2578.15
12:09:22.000,0.0,0.0,0.0,0.0,2578.15
12:09:22.100,0.0,0.0,0.0,0.0,2578.15
12:09:22.200,0.0,0.0,0.0,0.0,2578.15
12:09:22.300,0.0,0.0,0.0,0.0,2578.15
12:09:22.400,0.0,0.0,0.0,0.0,2578.15
12:09:22.500,0.0,0.0,0.0,0.0,2578.15
12:09:22.600,0.0,0.0,0.0,0.0,2578.15
12:09:22.700,0.0,0.0,0.0,0.0,2578.15
12:09:22.800,0.0,0.0,0.0,0.0,2578.15
12:09:22.900,0.0,0.0,0.0,0.0,2578.15
12:09:23.000,0.0,0.0,0.0,0.0,2578.15
12:09:23.100,0.0,0.0,0.0,0.0,2578.15
12:09:23.200,0.0,0.0,0.0,0.0,2578.15
12:09:23.300,0.0,0.0,0.0,0.0,2578.15
12:09:23.400,0.0,0.0,0.0,0.0,2578.15
12:09:23.500,0.0,0.0,0.0,0.0,2578.15
12:09:23.600,0.0,0.0,0.0,0.0,2578.15
12:09:23.700,0.0,0.0,0.0,0.0,2578.15
12:09:23.800,0.0,0.0,0.0,0.0,2578.15
12:09:23.900,0.0,0.0,0.0,0.0,2578.15
12:09:24.000,0.0,0.0,0.0,0.0,2578.15
12:09:24.100,0.0,0.0,0.0,0.0,2578.15
12:09:24.200,0.0,0.0,0.0,0.0,2578.15
12:09:24.300,0.0,0.0,0.0,0.0,2578.15
12:09:24.400,0.0,0.0,0.0,0.0,2578.15
12:09:24.500,0.0,0.0,0.0,0.0,2578.15
12:09:24.600,0.0,0.0,0.0,0.0,2578.15
12:09:24.700,0.0,0.0,0.0,0.0,2578.15
12:09:24.800,0.0,0.0,0.0,0.0,2578.15
12:09:24.900,0.0,0.0,0.0,0.0,2578.15
12:09:25.000,0.0,0.0,0.0,0.0,2578.15
12:09:25.100,0.0,0.0,0.0,0.0,2578.15
12:09:25.200,0.0,0.0,0.0,0.0,2578.15
12:09:25.300,0.0,0.0,0.0,0.0,2578.15
12:09:25.400,0.0,0.0,0.0,0.0,2578.15
12:09:25.500,0.0,0.0,0.0,0.0,2578.15
12:09:25.600,0.0,0.0,0.0,0.0,2578.15
12:09:25.700,0.0,0.0,0.0,0.0,2578.15
12:09:25.800,0.0,0.0,0.0,0.0,2578.15
12:09:25.900,0.0,0.0,0.0,0.0,2578.15
12:09:26.000,0.0,0.0,0.0,0.0,2578.15
12:09:26.100,0.0,0.0,0.0,0.0,2578.15
12:09:26.200,0.0,0.0,0.0,0.0,2578.15
12:09:26.300,0.0,0.0,0.0,0.0,2578.15
12:09:26.400,0.0,0.0,0.0,0.0,2578.15
12:09:26.500,0.0,0.0,0.0,0.0,2578.15
12:09:26.600,0.0,0.0,0.0,0.0,2578.15
12:09:26.700,0.0,0.0,0.0,0.0,2578.15
12:09:26.800,0.0,0.0,0.0,0.0,2578.15
12:09:26.900,0.0,0.0,0.0,0.0,2578.15
12:09:27.000,0.0,0.0,0.0,0.0,2578.15
12:09:27.100,0.0,0.0,0.0,0.0,2578.15
12:09:27.200,0.0,0.0,0.0,0.0,2578.15
12:09:27.300,0.0,0.0,0.0,0.0,2578.15
12:09:27.400,0.0,0.0,0.0,0.0,2578.15
12:09:27.500,0.0,0.0,0.0,0.0,2578.15
12:09:27.600,0.0,0.0,0.0,0.0,2578.15
12:09:27.700,0.0,0.0,0.0,0.0,2578.15
12:09:27.800,0.0,0.0,0.0,0.0,2578.15
12:09:27.900,0.0,0.0,0.0,0.0,2578.15
12:09:28.000,0.0,0.0,0.0,0.0,2578.15
12:09:28.100,0.0,0.0,0.0,0.0,2578.15
12:09:28.200,0.0,0.0,0.0,0.0,2578.15
12:09:28.300,0.0,0.0,0.0,0.0,2578.15
12:09:28.400,0.0,0.0,0.0,0.0,2578.15
12:09:28.500,0.0,0.0,0.0,0.0,2578.15
12:09:28.600,0.0,0.0,0.0,0.0,2578.15
12:09:28.700,0.0,0.0,0.0,0.0,2578.15
12:09:28.800,0.0,0.0,0.0,0.0,2578.15
12:09:28.900,0.0,0.0,0.0,0.0,2578.15
12:09:29.000,0.0,0.0,0.0,0.0,2578.15
12:09:29.100,0.0,0.0,0.0,0.0,2578.15
12:09:29.200,0.0,0.0,0.0,0.0,2578.15
12:09:29.300,0.0,0.0,0.0,0.0,2578.15
12:09:29.400,0.0,0.0,0.0,0.0,2578.15
12:09:29.500,0.0,0.0,0.0,0.0,2578.15
12:09:29.600,0.0,0.0,0.0,0.0,2578.15
12:09:29.700,0.0,0.0,0.0,0.0,2578.15
12:09:29.800,0.0,0.0,0.0,0.0,2578.15
12:09:29.900,0.0,0.0,0.0,0.0,2578.15
12:09:30.000,0.0,0.0,0.0,0.0,2578.15
12:09:30.100,0.0,0.0,0.0,0.0,2578.15
12:09:30.200,0.0,0.0,0.0,0.0,2578.15
12:09:30.300,0.0,0.0,0.0,0.0,2578.15
12:09:30.400,0.0,0.0,0.0,0.0,2578.15
12:09:30.500,0.0,0.0,0.0,0.0,2578.15
12:09:30.600,0.0,0.0,0.0,0.0,2578.15
12:09:30.700,0.0,0.0,0.0,0.0,2578.15
12:09:30.800,0.0,0.0,0.0,0.0,2578.15
12:09:30.900,0.0,0.0,0.0,0.0,2578.15
12:09:31.000,0.0,0.0,0.0,0.0,2578.15
12:09:31.100,0.0,0.0,0.0,0.0,2578.15
12:09:31.200,0.0,0.0,0.0,0.0,2578.15
12:09:31.300,0.0,0.0,0.0,0.0,2578.15
12:09:31.400,0.0,0.0,0.0,0.0,2578.15
12:09:31.500,0.0,0.0,0.0,0.0,2578.15
12:09:31.600,0.0,0.0,0.0,0.0,2578.15
12:09:31.700,0.0,0.0,0.0,0.0,2578.15
12:09:31.800,0.0,0.0,0.0,0.0,2578.15
12:09:31.900,0.0,0.0,0.0,0.0,2578.15
12:09:32.000,0.0,0.0,0.0,0.0,2578.15
12:09:32.100,0.0,0.0,0.0,0.0,2578.15
12:09:32.200,0.0,0.0,0.0,0.0,2578.15
12:09:32.300,0.0,0.0,0.0,0.0,2578.15
12:09:32.400,0.0,0.0,0.0,0.0,2578.15
12:09:32.500,0.0,0.0,0.0,0.0,2578.15
12:09:32.600,0.0,0.0,0.0,0.0,2578.15
12:09:32.700,0.0,0.0,0.0,0.0,2578.15
12:09:32.800,0.0,0.0,0.0,0.0,2578.15
12:09:32.900,0.0,0.0,0.0,0.0,2578.15
12:09:33.000,0.0,0.0,0.0,0.0,2578.15
12:09:33.100,0.0,0.0,0.0,0.0,2578.15
12:09:33.200,0.0,0.0,0.0,0.0,2578.15
12:09:33.300,0.0,0.0,0.0,0.0,2578.15
12:09:33.400,0.0,0.0,0.0,0.0,2578.15
12:09:33.500,0.0,0.0,0.0,0.0,2578.15
12:09:33.600,0.0,0.0,0.0,0.0,2578.15
12:09:33.700,0.0,0.0,0.0,0.0,2578.15
12:09:33.800,0.0,0.0,0.0,0.0,2578.15
12:09:33.900,0.0,0.0,0.0,0.0,2578.15
12:09:34.000,0.0,0.0,0.0,0.0,2578.15
12:09:34.100,0.0,0.0,0.0,0.0,2578.15
12:09:34.200,0.0,0.0,0.0,0.0,2578.15
12:09:34.300,0.0,0.0,0.0,0.0,2578.15
12:09:34.400,0.0,0.0,0.0,0.0,2578.15
12:09:34.500,0.0,0.0,0.0,0.0,2578.15
12:09:34.600,0.0,0.0,0.0,0.0,2578.15
12:09:34.700,0.0,0.0,0.0,0.0,2578.15
12:09:34.800,0.0,0.0,0.0,0.0,2578.15
12:09:34.900,0.0,0.0,0.0,0.0,2578.15
12:09:35.000,0.0,0.0,0.0,0.0,2578.15
12:09:35.100,0.0,0.0,0.0,0.0,2578.15
12:09:35.200,0.0,0.0,0.0,0.0,2578.15
12:09:35.300,0.0,0.0,0.0,0.0,2578.15
12:09:35.400,0.0,0.0,0.0,0.0,2578.15
12:09:35.500,0.0,0.0,0.0,0.0,2578.15
12:09:35.600,0.0,0.0,0.0,0.0,2578.15
12:09:35.700,0.0,0.0,0.0,0.0,2578.15
12:09:35.800,0.0,0.0,0.0,0.0,2578.15
12:09:35.900,0.0,0.0,0.0,0.0,2578.15
12:09:36.000,0.0,0.0,0.0,0.0,2578.15
12:09:36.100,0.0,0.0,0.0,0.0,2578.15
12:09:36.200,0.0,0.0,0.0,0.0,2578.15
12:09:36.300,0.0,0.0,0.0,0.0,2578.15
12:09:36.400,0.0,0.0,0.0,0.0,2578.15
12:09:36.500,0.0,0.0,0.0,0.0,2578.15
12:09:36.600,0.0,0.0,0.0,0.0,2578.15
12:09:36.700,0.0,0.0,0.0,0.0,2578.15
12:09:36.800,0.0,0.0,0.0,0.0,2578.15
12:09:36.900,0.0,0.0,0.0,0.0,2578.15
12:09:37.000,0.0,0.0,0.0,0.0,2578.15
12:09:37.100,0.0,0.0,0.0,0.0,2578.15
12:09:37.200,0.0,0.0,0.0,0.0,2578.15
12:09:37.300,0.0,0.0,0.0,0.0,2578.15
12:09:37.400,0.0,0.0,0.0,0.0,2578.15
12:09:37.500,0.0,0.0,0.0,0.0,2578.15
12:09:37.600,0.0,0.0,0.0,0.0,2578.15
12:09:37.700,0.0,0.0,0.0,0.0,2578.15
12:09:37.800,0.0,0.0,0.0,0.0,2578.15
12:09:37.900,0.0,0.0,0.0,0.0,2578.15
12:09:38.000,0.0,0.0,0.0,0.0,2578.15
12:09:38.100,0.0,0.0,0.0,0.0,2578.15
12:09:38.200,0.0,0.0,0.0,0.0,2578.15
12:09:38.300,0.0,0.0,0.0,0.0,2578.15
12:09:38.400,0.0,0.0,0.0,0.0,2578.15
12:09:38.500,0.0,0.0,0.0,0.0,2578.15
12:09:38.600,0.0,0.0,0.0,0.0,2578.15
12:09:38.700,0.0,0.0,0.0,0.0,2578.15
12:09:38.800,0.0,0.0,0.0,0.0,2578.15
12:09:38.900,0.0,0.0,0.0,0.0,2578.15
12:09:39.000,0.0,0.0,0.0,0.0,2578.15
12:09:39.100,0.0,0.0,0.0,0.0,2578.15
12:09:39.200,0.0,0.0,0.0,0.0,2578.15
12:09:39.300,0.0,0.0,0.0,0.0,2578.15
12:09:39.400,0.0,0.0,0.0,0.0,2578.15
12:09:39.500,0.0,0.0,0.0,0.0,2578.15
12:09:39.600,0.0,0.0,0.0,0.0,2578.15
12:09:39.700,0.0,0.0,0.0,0.0,2578.15
12:09:39.800,0.0,0.0,0.0,0.0,2578.15
12:09:39.900,0.0,0.0,0.0,0.0,2578.15
12:09:40.000,0.0,0.0,0.0,0.0,2578.15
12:09:40.100,0.0,0.0,0.0,0.0,2578.15
12:09:40.200,0.0,0.0,0.0,0.0,2578.15
12:09:40.300,0.0,0.0,0.0,0.0,2578.15
12:09:40.400,0.0,0.0,0.0,0.0,2578.15
12:09:40.500,0.0,0.0,0.0,0.0,2578.15
12:09:40.600,0.0,0.0,0.0,0.0,2578.15
12:09:40.700,0.0,0.0,0.0,0.0,2578.15
12:09:40.800,0.0,0.0,0.0,0.0,2578.15
12:09:40.900,0.0,0.0,0.0,0.0,2578.15
12:09:41.000,0.0,0.0,0.0,0.0,2578.15
12:09:41.100,0.0,0.0,0.0,0.0,2578.15
12:09:41.200,0.0,0.0,0.0,0.0,2578.15
12:09:41.300,0.0,0.0,0.0,0.0,2578.15
12:09:41.400,0.0,0.0,0.0,0.0,2578.15
12:09:41.500,0.0,0.0,0.0,0.0,2578.15
12:09:41.600,0.0,0.0,0.0,0.0,2578.15
12:09:41.700,0.0,0.0,0.0,0.0,2578.15
12:09:41.800,0.0,0.0,0.0,0.0,2578.15
12:09:41.900,0.0,0.0,0.0,0.0,2578.15
12:09:42.000,0.0,0.0,0.0,0.0,2578.15
12:09:42.100,0.0,0.0,0.0,0.0,2578.15
12:09:42.200,0.0,0.0,0.0,0.0,2578.15
12:09:42.300,0.0,0.0,0.0,0.0,2578.15
12:09:42.400,0.0,0.0,0.0,0.0,2578.15
12:09:42.500,0.0,0.0,0.0,0.0,2578.15
12:09:42.600,0.0,0.0,0.0,0.0,2578.15
12:09:42.700,0.0,0.0,0.0,0.0,2578.15
12:09:42.800,0.0,0.0,0.0,0.0,2578.15
12:09:42.900,0.0,0.0,0.0,0.0,2578.15
12:09:43.000,0.0,0.0,0.0,0.0,2578.15
12:09:43.100,0.0,0.0,0.0,0.0,2578.15
12:09:43.200,0.0,0.0,0.0,0.0,2578.15
12:09:43.300,0.0,0.0,0.0,0.0,2578.15
12:09:43.400,0.0,0.0,0.0,0.0,2578.15
12:09:43.500,0.0,0.0,0.0,0.0,2578.15
12:09:43.600,0.0,0.0,0.0,0.0,2578.15
12:09:43.700,0.0,0.0,0.0,0.0,2578.15
12:09:43.800,0.0,0.0,0.0,0.0,2578.15
12:09:43.900,0.0,0.0,0.0,0.0,2578.15
12:09:44.000,0.0,0.0,0.0,0.0,2578.15
12:09:44.100,0.0,0.0,0.0,0.0,2578.15
12:09:44.200,0.0,0.0,0.0,0.0,2578.15
12:09:44.300,0.0,0.0,0.0,0.0,2578.15
12:09:44.400,0.0,0.0,0.0,0.0,2578.15
12:09:44.500,0.0,0.0,0.0,0.0,2578.15
12:09:44.600,0.0,0.0,0.0,0.0,2578.15
12:09:44.700,0.0,0.0,0.0,0.0,2578.15
12:09:44.800,0.0,0.0,0.0,0.0,2578.15
12:09:44.900,0.0,0.0,0.0,0.0,2578.15
12:09:45.000,0.0,0.0,0.0,0.0,2578.15
12:09:45.100,0.0,0.0,0.0,0.0,2578.15
12:09:45.200,0.0,0.0,0.0,0.0,2578.15
12:09:45.300,0.0,0.0,0.0,0.0,2578.15
12:09:45.400,0.0,0.0,0.0,0.0,2578.15
12:09:45.500,0.0,0.0,0.0,0.0,2578.15
12:09:45.600,0.0,0.0,0.0,0.0,2578.15
12:09:45.700,0.0,0.0,0.0,0.0,2578.15
12:09:45.800,0.0,0.0,0.0,0.0,2578.15
12:09:45.900,0.0,0.0,0.0,0.0,2578.15
12:09:46.000,0.0,0.0,0.0,0.0,2578.15
12:09:46.100,0.0,0.0,0.0,0.0,2578.15
12:09:46.200,0.0,0.0,0.0,0.0,2578.15
12:09:46.300,0.0,0.0,0.0,0.0,2578.15
12:09:46.400,0.0,0.0,0.0,0.0,2578.15
12:09:46.500,0.0,0.0,0.0,0.0,2578.15
12:09:46.600,0.0,0.0,0.0,0.0,2578.15
12:09:46.700,0.0,0.0,0.0,0.0,2578.15
12:09:46.800,0.0,0.0,0.0,0.0,2578.15
12:09:46.900,0.0,0.0,0.0,0.0,2578.15
12:09:47.000,0.0,0.0,0.0,0.0,2578.15
12:09:47.100,0.0,0.0,0.0,0.0,2578.15
12:09:47.200,0.0,0.0,0.0,0.0,2578.15
12:09:47.300,0.0,0.0,0.0,0.0,2578.15
12:09:47.400,0.0,0.0,0.0,0.0,2578.15
12:09:47.500,0.0,0.0,0.0,0.0,2578.15
12:09:47.600,0.0,0.0,0.0,0.0,2578.15
12:09:47.700,0.0,0.0,0.0,0.0,2578.15
12:09:47.800,0.0,0.0,0.0,0.0,2578.15
12:09:47.900,0.0,0.0,0.0,0.0,2578.15
12:09:48.000,0.0,0.0,0.0,0.0,2578.15
12:09:48.100,0.0,0.0,0.0,0.0,2578.15
12:09:48.200,0.0,0.0,0.0,0.0,2578.15
12:09:48.300,0.0,0.0,0.0,0.0,2578.15
12:09:48.400,0.0,0.0,0.0,0.0,2578.15
12:09:48.500,0.0,0.0,0.0,0.0,2578.15
12:09:48.600,0.0,0.0,0.0,0.0,2578.15
12:09:48.700,0.0,0.0,0.0,0.0,2578.15
12:09:48.800,0.0,0.0,0.0,0.0,2578.15
12:09:48.900,0.0,0.0,0.0,0.0,2578.15
12:09:49.000,0.0,0.0,0.0,0.0,2578.15
12:09:49.100,0.0,0.0,0.0,0.0,2578.15
12:09:49.200,0.0,0.0,0.0,0.0,2578.15
12:09:49.300,0.0,0.0,0.0,0.0,2578.15
12:09:49.400,0.0,0.0,0.0,0.0,2578.15
12:09:49.500,0.0,0.0,0.0,0.0,2578.15
12:09:49.600,0.0,0.0,0.0,0.0,2578.15
12:09:49.700,0.0,0.0,0.0,0.0,2578.15
12:09:49.800,0.0,0.0,0.0,0.0,2578.15
12:09:49.900,0.0,0.0,0.0,0.0,2578.15
12:09:50.000,0.0,0.0,0.0,0.0,2578.15
12:09:50.100,0.0,0.0,0.0,0.0,2578.15
12:09:50.200,0.0,0.0,0.0,0.0,2578.15
12:09:50.300,0.0,0.0,0.0,0.0,2578.15
12:09:50.400,0.0,0.0,0.0,0.0,2578.15
12:09:50.500,0.0,0.0,0.0,0.0,2578.15
12:09:50.600,0.0,0.0,0.0,0.0,2578.15
12:09:50.700,0.0,0.0,0.0,0.0,2578.15
12:09:50.800,0.0,0.0,0.0,0.0,2578.15
12:09:50.900,0.0,0.0,0.0,0.0,2578.15
12:09:51.000,0.0,0.0,0.0,0.0,2578.15
12:09:51.100,0.0,0.0,0.0,0.0,2578.15
12:09:51.200,0.0,0.0,0.0,0.0,2578.15
12:09:51.300,0.0,0.0,0.0,0.0,2578.15
12:09:51.400,0.0,0.0,0.0,0.0,2578.15
12:09:51.500,0.0,0.0,0.0,0.0,2578.15
12:09:51.600,0.0,0.0,0.0,0.0,2578.15
12:09:51.700,0.0,0.0,0.0,0.0,2578.15
12:09:51.800,0.0,0.0,0.0,0.0,2578.15
12:09:51.900,0.0,0.0,0.0,0.0,2578.15
12:09:52.000,0.0,0.0,0.0,0.0,2578.15
12:09:52.100,0.0,0.0,0.0,0.0,2578.15
12:09:52.200,0.0,0.0,0.0,0.0,2578.15
12:09:52.300,0.0,0.0,0.0,0.0,2578.15
12:09:52.400,0.0,0.0,0.0,0.0,2578.15
12:09:52.500,0.0,0.0,0.0,0.0,2578.15
12:09:52.600,0.0,0.0,0.0,0.0,2578.15
12:09:52.700,0.0,0.0,0.0,0.0,2578.15
12:09:52.800,0.0,0.0,0.0,0.0,2578.15
12:09:52.900,0.0,0.0,0.0,0.0,2578.15
12:09:53.000,0.0,0.0,0.0,0.0,2578.15
12:09:53.100,0.0,0.0,0.0,0.0,2578.15
12:09:53.200,0.0,0.0,0.0,0.0,2578.15
12:09:53.300,0.0,0.0,0.0,0.0,2578.15
12:09:53.400,0.0,0.0,0.0,0.0,2578.15
12:09:53.500,0.0,0.0,0.0,0.0,2578.15
12:09:53.600,0.0,0.0,0.0,0.0,2578.15
12:09:53.700,0.0,0.0,0.0,0.0,2578.15
12:09:53.800,0.0,0.0,0.0,0.0,2578.15
12:09:53.900,0.0,0.0,0.0,0.0,2578.15
12:09:54.000,0.0,0.0,0.0,0.0,2578.15
12:09:54.100,0.0,0.0,0.0,0.0,2578.15
12:09:54.200,0.0,0.0,0.0,0.0,2578.15
12:09:54.300,0.0,0.0,0.0,0.0,2578.15
12:09:54.400,0.0,0.0,0.0,0.0,2578.15
12:09:54.500,0.0,0.0,0.0,0.0,2578.15
12:09:54.600,0.0,0.0,0.0,0.0,2578.15
12:09:54.700,0.0,0.0,0.0,0.0,2578.15
12:09:54.800,0.0,0.0,0.0,0.0,2578.15
12:09:54.900,0.0,0.0,0.0,0.0,2578.15
12:09:55.000,0.0,0.0,0.0,0.0,2578.15
12:09:55.100,0.0,0.0,0.0,0.0,2578.15
12:09:55.200,0.0,0.0,0.0,0.0,2578.15
12:09:55.300,0.0,0.0,0.0,0.0,2578.15
12:09:55.400,0.0,0.0,0.0,0.0,2578.15
12:09:55.500,0.0,0.0,0.0,0.0,2578.15
12:09:55.600,0.0,0.0,0.0,0.0,2578.15
12:09:55.700,0.0,0.0,0.0,0.0,2578.15
12:09:55.800,0.0,0.0,0.0,0.0,2578.15
12:09:55.900,0.0,0.0,0.0,0.0,2578.15
12:09:56.000,0.0,0.0,0.0,0.0,2578.15
12:09:56.100,0.0,0.0,0.0,0.0,2578.15
12:09:56.200,0.0,0.0,0.0,0.0,2578.15
12:09:56.300,0.0,0.0,0.0,0.0,2578.15
12:09:56.400,0.0,0.0,0.0,0.0,2578.15
12:09:56.500,0.0,0.0,0.0,0.0,2578.15
12:09:56.600,0.0,0.0,0.0,0.0,2578.15
12:09:56.700,0.0,0.0,0.0,0.0,2578.15
12:09:56.800,0.0,0.0,0.0,0.0,2578.15
12:09:56.900,0.0,0.0,0.0,0.0,2578.15
12:09:57.000,0.0,0.0,0.0,0.0,2578.15
12:09:57.100,0.0,0.0,0.0,0.0,2578.15
12:09:57.200,0.0,0.0,0.0,0.0,2578.15
12:09:57.300,0.0,0.0,0.0,0.0,2578.15
12:09:57.400,0.0,0.0,0.0,0.0,2578.15
12:09:57.500,0.0,0.0,0.0,0.0,2578.15
12:09:57.600,0.0,0.0,0.0,0.0,2578.15
12:09:57.700,0.0,0.0,0.0,0.0,2578.15
12:09:57.800,0.0,0.0,0.0,0.0,2578.15
12:09:57.900,0.0,0.0,0.0,0.0,2578.15
12:09:58.000,0.0,0.0,0.0,0.0,2578.15
12:09:58.100,0.0,0.0,0.0,0.0,2578.15
12:09:58.200,0.0,0.0,0.0,0.0,2578.15
12:09:58.300,0.0,0.0,0.0,0.0,2578.15
12:09:58.400,0.0,0.0,0.0,0.0,2578.15
12:09:58.500,0.0,0.0,0.0,0.0,2578.15
12:09:58.600,0.0,0.0,0.0,0.0,2578.15
12:09:58.700,0.0,0.0,0.0,0.0,2578.15
12:09:58.800,0.0,0.0,0.0,0.0,2578.15
12:09:58.900,0.0,0.0,0.0,0.0,2578.15
12:09:59.000,0.0,0.0,0.0,0.0,2578.15
12:09:59.100,0.0,0.0,0.0,0.0,2578.15
12:09:59.200,0.0,0.0,0.0,0.0,2578.15
12:09:59.300,0.0,0.0,0.0,0.0,2578.15
12:09:59.400,0.0,0.0,0.0,0.0,2578.15
12:09:59.500,0.0,0.0,0.0,0.0,2578.15
12:09:59.600,0.0,0.0,0.0,0.0,2578.15
12:09:59.700,0.0,0.0,0.0,0.0,2578.15
12:09:59.800,0.0,0.0,0.0,0.0,2578.15
12:09:59.900,0.0,0.0,0.0,0.0,2578.15
12:10:00.000,0.0,0.0,0.0,0.0,2578.15
12:10:00.100,0.0,0.0,0.0,0.0,2578.15
12:10:00.200,0.0,0.0,0.0,0.0,2578.15
12:10:00.300,0.0,0.0,0.0,0.0,2578.15
12:10:00.400,0.0,0.0,0.0,0.0,2578.15
12:10:00.500,0.0,0.0,0.0,0.0,2578.15
12:10:00.600,0.0,0.0,0.0,0.0,2578.15
12:10:00.700,0.0,0.0,0.0,0.0,2578.15
12:10:00.800,0.0,0.0,0.0,0.0,2578.15
12:10:00.900,0.0,0.0,0.0,0.0,2578.15
12:10:01.000,0.0,0.0,0.0,0.0,2578.15
12:10:01.100,0.0,0.0,0.0,0.0,2578.15
12:10:01.200,0.0,0.0,0.0,0.0,2578.15
12:10:01.300,0.0,0.0,0.0,0.0,2578.15
12:10:01.400,0.0,0.0,0.0,0.0,2578.15
12:10:01.500,0.0,0.0,0.0,0.0,2578.15
12:10:01.600,0.0,0.0,0.0,0.0,2578.15
12:10:01.700,0.0,0.0,0.0,0.0,2578.15
12:10:01.800,0.0,0.0,0.0,0.0,2578.15
12:10:01.900,0.0,0.0,0.0,0.0,2578.15
12:10:02.000,0.0,0.0,0.0,0.0,2578.15
12:10:02.100,0.0,0.0,0.0,0.0,2578.15
12:10:02.200,0.0,0.0,0.0,0.0,2578.15
12:10:02.300,0.0,0.0,0.0,0.0,2578.15
12:10:02.400,0.0,0.0,0.0,0.0,2578.15
12:10:02.500,0.0,0.0,0.0,0.0,2578.15
12:10:02.600,0.0,0.0,0.0,0.0,2578.15
12:10:02.700,0.0,0.0,0.0,0.0,2578.15
12:10:02.800,0.0,0.0,0.0,0.0,2578.15
12:10:02.900,0.0,0.0,0.0,0.0,2578.15
12:10:03.000,0.0,0.0,0.0,0.0,2578.15
12:10:03.100,0.0,0.0,0.0,0.0,2578.15
12:10:03.200,0.0,0.0,0.0,0.0,2578.15
12:10:03.300,0.0,0.0,0.0,0.0,2578.15
12:10:03.400,0.0,0.0,0.0,0.0,2578.15
12:10:03.500,0.0,0.0,0.0,0.0,2578.15
12:10:03.600,0.0,0.0,0.0,0.0,2578.15
12:10:03.700,0.0,0.0,0.0,0.0,2578.15
12:10:03.800,0.0,0.0,0.0,0.0,2578.15
12:10:03.900,0.0,0.0,0.0,0.0,2578.15
12:10:04.000,0.0,0.0,0.0,0.0,2578.15
12:10:04.100,0.0,0.0,0.0,0.0,2578.15
12:10:04.200,0.0,0.0,0.0,0.0,2578.15
12:10:04.300,0.0,0.0,0.0,0.0,2578.15
12:10:04.400,0.0,0.0,0.0,0.0,2578.15
12:10:04.500,0.0,0.0,0.0,0.0,2578.15
12:10:04.600,0.0,0.0,0.0,0.0,2578.15
12:10:04.700,0.0,0.0,0.0,0.0,2578.15
12:10:04.800,0.0,0.0,0.0,0.0,2578.15
12:10:04.900,0.0,0.0,0.0,0.0,2578.15
12:10:05.000,0.0,0.0,0.0,0.0,2578.15
12:10:05.100,0.0,0.0,0.0,0.0,2578.15
12:10:05.200,0.0,0.0,0.0,0.0,2578.15
12:10:05.300,0.0,0.0,0.0,0.0,2578.15
12:10:05.400,0.0,0.0,0.0,0.0,2578.15
12:10:05.500,0.0,0.0,0.0,0.0,2578.15
12:10:05.600,0.0,0.0,0.0,0.0,2578.15
12:10:05.700,0.0,0.0,0.0,0.0,2578.15
12:10:05.800,0.0,0.0,0.0,0.0,2578.15
12:10:05.900,0.0,0.0,0.0,0.0,2578.15
12:10:06.000,0.0,0.0,0.0,0.0,2578.15
12:10:06.100,0.0,0.0,0.0,0.0,2578.15
12:10:06.200,0.0,0.0,0.0,0.0,2578.15
12:10:06.300,0.0,0.0,0.0,0.0,2578.15
12:10:06.400,0.0,0.0,0.0,0.0,2578.15
12:10:06.500,0.0,0.0,0.0,0.0,2578.15
12:10:06.600,0.0,0.0,0.0,0.0,2578.15
12:10:06.700,0.0,0.0,0.0,0.0,2578.15
12:10:06.800,0.0,0.0,0.0,0.0,2578.15
12:10:06.900,0.0,0.0,0.0,0.0,2578.15
12:10:07.000,0.0,0.0,0.0,0.0,2578.15
12:10:07.100,0.0,0.0,0.0,0.0,2578.15
12:10:07.200,0.0,0.0,0.0,0.0,2578.15
12:10:07.300,0.0,0.0,0.0,0.0,2578.15
12:10:07.400,0.0,0.0,0.0,0.0,2578.15
12:10:07.500,0.0,0.0,0.0,0.0,2578.15
12:10:07.600,0.0,0.0,0.0,0.0,2578.15
12:10:07.700,0.0,0.0,0.0,0.0,2578.15
12:10:07.800,0.0,0.0,0.0,0.0,2578.15
12:10:07.900,0.0,0.0,0.0,0.0,2578.15
12:10:08.000,0.0,0.0,0.0,0.0,2578.15
12:10:08.100,0.0,0.0,0.0,0.0,2578.15
12:10:08.200,0.0,0.0,0.0,0.0,2578.15
12:10:08.300,0.0,0.0,0.0,0.0,2578.15
12:10:08.400,0.0,0.0,0.0,0.0,2578.15
12:10:08.500,0.0,0.0,0.0,0.0,2578.15
12:10:08.600,0.0,0.0,0.0,0.0,2578.15
12:10:08.700,0.0,0.0,0.0,0.0,2578.15
12:10:08.800,0.0,0.0,0.0,0.0,2578.15
12:10:08.900,0.0,0.0,0.0,0.0,2578.15
12:10:09.000,0.0,0.0,0.0,0.0,2578.15
12:10:09.100,0.0,0.0,0.0,0.0,2578.15
12:10:09.200,0.0,0.0,0.0,0.0,2578.15
12:10:09.300,0.0,0.0,0.0,0.0,2578.15
12:10:09.400,0.0,0.0,0.0,0.0,2578.15
12:10:09.500,0.0,0.0,0.0,0.0,2578.15
12:10:09.600,0.0,0.0,0.0,0.0,2578.15
12:10:09.700,0.0,0.0,0.0,0.0,2578.15
12:10:09.800,0.0,0.0,0.0,0.0,2578.15
12:10:09.900,0.0,0.0,0.0,0.0,2578.15
12:10:10.000,0.0,0.0,0.0,0.0,2578.15
12:10:10.100,0.0,0.0,0.0,0.0,2578.15
12:10:10.200,0.0,0.0,0.0,0.0,2578.15
12:10:10.300,0.0,0.0,0.0,0.0,2578.15
12:10:10.400,0.0,0.0,0.0,0.0,2578.15
12:10:10.500,0.0,0.0,0.0,0.0,2578.15
12:10:10.600,0.0,0.0,0.0,0.0,2578.15
12:10:10.700,0.0,0.0,0.0,0.0,2578.15
12:10:10.800,0.0,0.0,0.0,0.0,2578.15
12:10:10.900,0.0,0.0,0.0,0.0,2578.15
12:10:11.000,0.0,0.0,0.0,0.0,2578.15
12:10:11.100,0.0,0.0,0.0,0.0,2578.15
12:10:11.200,0.0,0.0,0.0,0.0,2578.15
12:10:11.300,0.0,0.0,0.0,0.0,2578.15
12:10:11.400,0.0,0.0,0.0,0.0,2578.15
12:10:11.500,0.0,0.0,0.0,0.0,2578.15
12:10:11.600,0.0,0.0,0.0,0.0,2578.15
12:10:11.700,0.0,0.0,0.0,0.0,2578.15
12:10:11.800,0.0,0.0,0.0,0.0,2578.15
12:10:11.900,0.0,0.0,0.0,0.0,2578.15
12:10:12.000,0.0,0.0,0.0,0.0,2578.15
12:10:12.100,0.0,0.0,0.0,0.0,2578.15
12:10:12.200,0.0,0.0,0.0,0.0,2578.15
12:10:12.300,0.0,0.0,0.0,0.0,2578.15
12:10:12.400,0.0,0.0,0.0,0.0,2578.15
12:10:12.500,0.0,0.0,0.0,0.0,2578.15
12:10:12.600,0.0,0.0,0.0,0.0,2578.15
12:10:12.700,0.0,0.0,0.0,0.0,2578.15
12:10:12.800,0.0,0.0,0.0,0.0,2578.15
12:10:12.900,0.0,0.0,0.0,0.0,2578.15
12:10:13.000,0.0,0.0,0.0,0.0,2578.15
12:10:13.100,0.0,0.0,0.0,0.0,2578.15
12:10:13.200,0.0,0.0,0.0,0.0,2578.15
12:10:13.300,0.0,0.0,0.0,0.0,2578.15
12:10:13.400,0.0,0.0,0.0,0.0,2578.15
12:10:13.500,0.0,0.0,0.0,0.0,2578.15
12:10:13.600,0.0,0.0,0.0,0.0,2578.15
12:10:13.700,0.0,0.0,0.0,0.0,2578.15
12:10:13.800,0.0,0.0,0.0,0.0,2578.15
12:10:13.900,0.0,0.0,0.0,0.0,2578.15
12:10:14.000,0.0,0.0,0.0,0.0,2578.15
12:10:14.100,0.0,0.0,0.0,0.0,2578.15
12:10:14.200,0.0,0.0,0.0,0.0,2578.15
12:10:14.300,0.0,0.0,0.0,0.0,2578.15
12:10:14.400,0.0,0.0,0.0,0.0,2578.15
12:10:14.500,0.0,0.0,0.0,0.0,2578.15
12:10:14.600,0.0,0.0,0.0,0.0,2578.15
12:10:14.700,0.0,0.0,0.0,0.0,2578.15
12:10:14.800,0.0,0.0,0.0,0.0,2578.15
12:10:14.900,0.0,0.0,0.0,0.0,2578.15
12:10:15.000,0.0,0.0,0.0,0.0,2578.15
12:10:15.100,0.0,0.0,0.0,0.0,2578.15
12:10:15.200,0.0,0.0,0.0,0.0,2578.15
12:10:15.300,0.0,0.0,0.0,0.0,2578.15
12:10:15.400,0.0,0.0,0.0,0.0,2578.15
12:10:15.500,0.0,0.0,0.0,0.0,2578.15
12:10:15.600,0.0,0.0,0.0,0.0,2578.15
12:10:15.700,0.0,0.0,0.0,0.0,2578.15
12:10:15.800,0.0,0.0,0.0,0.0,2578.15
12:10:15.900,0.0,0.0,0.0,0.0,2578.15
12:10:16.000,0.0,0.0,0.0,0.0,2578.15
12:10:16.100,0.0,0.0,0.0,0.0,2578.15
12:10:16.200,0.0,0.0,0.0,0.0,2578.15
12:10:16.300,0.0,0.0,0.0,0.0,2578.15
12:10:16.400,0.0,0.0,0.0,0.0,2578.15
12:10:16.500,0.0,0.0,0.0,0.0,2578.15
12:10:16.600,0.0,0.0,0.0,0.0,2578.15
12:10:16.700,0.0,0.0,0.0,0.0,2578.15
12:10:16.800,0.0,0.0,0.0,0.0,2578.15
12:10:16.900,0.0,0.0,0.0,0.0,2578.15
12:10:17.000,0.0,0.0,0.0,0.0,2578.15
12:10:17.100,0.0,0.0,0.0,0.0,2578.15
12:10:17.200,0.0,0.0,0.0,0.0,2578.15
12:10:17.300,0.0,0.0,0.0,0.0,2578.15
12:10:17.400,0.0,0.0,0.0,0.0,2578.15
12:10:17.500,0.0,0.0,0.0,0.0,2578.15
12:10:17.600,0.0,0.0,0.0,0.0,2578.15
12:10:17.700,0.0,0.0,0.0,0.0,2578.15
12:10:17.800,0.0,0.0,0.0,0.0,2578.15
12:10:17.900,0.0,0.0,0.0,0.0,2578.15
12:10:18.000,0.0,0.0,0.0,0.0,2578.15
12:10:18.100,0.0,0.0,0.0,0.0,2578.15
12:10:18.200,0.0,0.0,0.0,0.0,2578.15
12:10:18.300,0.0,0.0,0.0,0.0,2578.15
12:10:18.400,0.0,0.0,0.0,0.0,2578.15
12:10:18.500,0.0,0.0,0.0,0.0,2578.15
12:10:18.600,0.0,0.0,0.0,0.0,2578.15
12:10:18.700,0.0,0.0,0.0,0.0,2578.15
12:10:18.800,0.0,0.0,0.0,0.0,2578.15
12:10:18.900,0.0,0.0,0.0,0.0,2578.15
12:10:19.000,0.0,0.0,0.0,0.0,2578.15
12:10:19.100,0.0,0.0,0.0,0.0,2578.15
12:10:19.200,0.0,0.0,0.0,0.0,2578.15
12:10:19.300,0.0,0.0,0.0,0.0,2578.15
12:10:19.400,0.0,0.0,0.0,0.0,2578.15
12:10:19.500,0.0,0.0,0.0,0.0,2578.15
12:10:19.600,0.0,0.0,0.0,0.0,2578.15
12:10:19.700,0.0,0.0,0.0,0.0,2578.15
12:10:19.800,0.0,0.0,0.0,0.0,2578.15
12:10:19.900,0.0,0.0,0.0,0.0,2578.15
12:10:20.000,0.0,0.0,0.0,0.0,2578.15
12:10:20.100,0.0,0.0,0.0,0.0,2578.15
12:10:20.200,0.0,0.0,0.0,0.0,2578.15
12:10:20.300,0.0,0.0,0.0,0.0,2578.15
12:10:20.400,0.0,0.0,0.0,0.0,2578.15
12:10:20.500,0.0,0.0,0.0,0.0,2578.15
12:10:20.600,0.0,0.0,0.0,0.0,2578.15
12:10:20.700,0.0,0.0,0.0,0.0,2578.15
12:10:20.800,0.0,0.0,0.0,0.0,2578.15
12:10:20.900,0.0,0.0,0.0,0.0,2578.15
12:10:21.000,0.0,0.0,0.0,0.0,2578.15
12:10:21.100,0.0,0.0,0.0,0.0,2578.15
12:10:21.200,0.0,0.0,0.0,0.0,2578.15
12:10:21.300,0.0,0.0,0.0,0.0,2578.15
12:10:21.400,0.0,0.0,0.0,0.0,2578.15
12:10:21.500,0.0,0.0,0.0,0.0,2578.15
12:10:21.600,0.0,0.0,0.0,0.0,2578.15
12:10:21.700,0.0,0.0,0.0,0.0,2578.15
12:10:21.800,0.0,0.0,0.0,0.0,2578.15
12:10:21.900,0.0,0.0,0.0,0.0,2578.15
12:10:22.000,0.0,0.0,0.0,0.0,2578.15
12:10:22.100,0.0,0.0,0.0,0.0,2578.15
12:10:22.200,0.0,0.0,0.0,0.0,2578.15
12:10:22.300,0.0,0.0,0.0,0.0,2578.15
12:10:22.400,0.0,0.0,0.0,0.0,2578.15
12:10:22.500,0.0,0.0,0.0,0.0,2578.15
12:10:22.600,0.0,0.0,0.0,0.0,2578.15
12:10:22.700,0.0,0.0,0.0,0.0,2578.15
12:10:22.800,0.0,0.0,0.0,0.0,2578.15
12:10:22.900,0.0,0.0,0.0,0.0,2578.15
12:10:23.000,0.0,0.0,0.0,0.0,2578.15
12:10:23.100,0.0,0.0,0.0,0.0,2578.15
12:10:23.200,0.0,0.0,0.0,0.0,2578.15
12:10:23.300,0.0,0.0,0.0,0.0,2578.15
12:10:23.400,0.0,0.0,0.0,0.0,2578.15
12:10:23.500,0.0,0.0,0.0,0.0,2578.15
12:10:23.600,0.0,0.0,0.0,0.0,2578.15
12:10:23.700,0.0,0.0,0.0,0.0,2578.15
12:10:23.800,0.0,0.0,0.0,0.0,2578.15
12:10:23.900,0.0,0.0,0.0,0.0,2578.15
12:10:24.000,0.0,0.0,0.0,0.0,2578.15
12:10:24.100,0.0,0.0,0.0,0.0,2578.15
12:10:24.200,0.0,0.0,0.0,0.0,2578.15
12:10:24.300,0.0,0.0,0.0,0.0,2578.15
12:10:24.400,0.0,0.0,0.0,0.0,2578.15
12:10:24.500,0.0,0.0,0.0,0.0,2578.15
12:10:24.600,0.0,0.0,0.0,0.0,2578.15
12:10:24.700,0.0,0.0,0.0,0.0,2578.15
12:10:24.800,0.0,0.0,0.0,0.0,2578.15
12:10:24.900,0.0,0.0,0.0,0.0,2578.15
12:10:25.000,0.0,0.0,0.0,0.0,2578.15
12:10:25.100,0.0,0.0,0.0,0.0,2578.15
12:10:25.200,0.0,0.0,0.0,0.0,2578.15
12:10:25.300,0.0,0.0,0.0,0.0,2578.15
12:10:25.400,0.0,0.0,0.0,0.0,2578.15
12:10:25.500,0.0,0.0,0.0,0.0,2578.15
12:10:25.600,0.0,0.0,0.0,0.0,2578.15
12:10:25.700,0.0,0.0,0.0,0.0,2578.15
12:10:25.800,0.0,0.0,0.0,0.0,2578.15
12:10:25.900,0.0,0.0,0.0,0.0,2578.15
12:10:26.000,0.0,0.0,0.0,0.0,2578.15
12:10:26.100,0.0,0.0,0.0,0.0,2578.15
12:10:26.200,0.0,0.0,0.0,0.0,2578.15
12:10:26.300,0.0,0.0,0.0,0.0,2578.15
12:10:26.400,0.0,0.0,0.0,0.0,2578.15
12:10:26.500,0.0,0.0,0.0,0.0,2578.15
12:10:26.600,0.0,0.0,0.0,0.0,2578.15
12:10:26.700,0.0,0.0,0.0,0.0,2578.15
12:10:26.800,0.0,0.0,0.0,0.0,2578.15
12:10:26.900,0.0,0.0,0.0,0.0,2578.15
12:10:27.000,0.0,0.0,0.0,0.0,2578.15
12:10:27.100,0.0,0.0,0.0,0.0,2578.15
12:10:27.200,0.0,0.0,0.0,0.0,2578.15
12:10:27.300,0.0,0.0,0.0,0.0,2578.15
12:10:27.400,0.0,0.0,0.0,0.0,2578.15
12:10:27.500,0.0,0.0,0.0,0.0,2578.15
12:10:27.600,0.0,0.0,0.0,0.0,2578.15
12:10:27.700,0.0,0.0,0.0,0.0,2578.15
12:10:27.800,0.0,0.0,0.0,0.0,2578.15
12:10:27.900,0.0,0.0,0.0,0.0,2578.15
12:10:28.000,0.0,0.0,0.0,0.0,2578.15
12:10:28.100,0.0,0.0,0.0,0.0,2578.15
12:10:28.200,0.0,0.0,0.0,0.0,2578.15
12:10:28.300,0.0,0.0,0.0,0.0,2578.15
12:10:28.400,0.0,0.0,0.0,0.0,2578.15
12:10:28.500,0.0,0.0,0.0,0.0,2578.15
12:10:28.600,0.0,0.0,0.0,0.0,2578.15
12:10:28.700,0.0,0.0,0.0,0.0,2578.15
12:10:28.800,0.0,0.0,0.0,0.0,2578.15
12:10:28.900,0.0,0.0,0.0,0.0,2578.15
12:10:29.000,0.0,0.0,0.0,0.0,2578.15
12:10:29.100,0.0,0.0,0.0,0.0,2578.15
12:10:29.200,0.0,0.0,0.0,0.0,2578.15
12:10:29.300,0.0,0.0,0.0,0.0,2578.15
12:10:29.400,0.0,0.0,0.0,0.0,2578.15
12:10:29.500,0.0,0.0,0.0,0.0,2578.15
12:10:29.600,0.0,0.0,0.0,0.0,2578.15
12:10:29.700,0.0,0.0,0.0,0.0,2578.15
12:10:29.800,0.0,0.0,0.0,0.0,2578.15
12:10:29.900,0.0,0.0,0.0,0.0,2578.15
12:10:30.000,0.0,0.0,0.0,0.0,2578.15
12:10:30.100,0.0,0.0,0.0,0.0,2578.15
12:10:30.200,0.0,0.0,0.0,0.0,2578.15
12:10:30.300,0.0,0.0,0.0,0.0,2578.15
12:10:30.400,0.0,0.0,0.0,0.0,2578.15
12:10:30.500,0.0,0.0,0.0,0.0,2578.15
12:10:30.600,0.0,0.0,0.0,0.0,2578.15
12:10:30.700,0.0,0.0,0.0,0.0,2578.15
12:10:30.800,0.0,0.0,0.0,0.0,2578.15
12:10:30.900,0.0,0.0,0.0,0.0,2578.15
12:10:31.000,0.0,0.0,0.0,0.0,2578.15
12:10:31.100,0.0,0.0,0.0,0.0,2578.15
12:10:31.200,0.0,0.0,0.0,0.0,2578.15
12:10:31.300,0.0,0.0,0.0,0.0,2578.15
12:10:31.400,0.0,0.0,0.0,0.0,2578.15
12:10:31.500,0.0,0.0,0.0,0.0,2578.15
12:10:31.600,0.0,0.0,0.0,0.0,2578.15
12:10:31.700,0.0,0.0,0.0,0.0,2578.15
12:10:31.800,0.0,0.0,0.0,0.0,2578.15
12:10:31.900,0.0,0.0,0.0,0.0,2578.15
12:10:32.000,0.0,0.0,0.0,0.0,2578.15
12:10:32.100,0.0,0.0,0.0,0.0,2578.15
12:10:32.200,0.0,0.0,0.0,0.0,2578.15
12:10:32.300,0.0,0.0,0.0,0.0,2578.15
12:10:32.400,0.0,0.0,0.0,0.0,2578.15
12:10:32.500,0.0,0.0,0.0,0.0,2578.15
12:10:32.600,0.0,0.0,0.0,0.0,2578.15
12:10:32.700,0.0,0.0,0.0,0.0,2578.15
12:10:32.800,0.0,0.0,0.0,0.0,2578.15
12:10:32.900,0.0,0.0,0.0,0.0,2578.15
12:10:33.000,0.0,0.0,0.0,0.0,2578.15
12:10:33.100,0.0,0.0,0.0,0.0,2578.15
12:10:33.200,0.0,0.0,0.0,0.0,2578.15
12:10:33.300,0.0,0.0,0.0,0.0,2578.15
12:10:33.400,0.0,0.0,0.0,0.0,2578.15
12:10:33.500,0.0,0.0,0.0,0.0,2578.15
12:10:33.600,0.0,0.0,0.0,0.0,2578.15
12:10:33.700,0.0,0.0,0.0,0.0,2578.15
12:10:33.800,0.0,0.0,0.0,0.0,2578.15
12:10:33.900,0.0,0.0,0.0,0.0,2578.15
12:10:34.000,0.0,0.0,0.0,0.0,2578.15
12:10:34.100,0.0,0.0,0.0,0.0,2578.15
12:10:34.200,0.0,0.0,0.0,0.0,2578.15
12:10:34.300,0.0,0.0,0.0,0.0,2578.15
12:10:34.400,0.0,0.0,0.0,0.0,2578.15
12:10:34.500,0.0,0.0,0.0,0.0,2578.15
12:10:34.600,0.0,0.0,0.0,0.0,2578.15
12:10:34.700,0.0,0.0,0.0,0.0,2578.15
12:10:34.800,0.0,0.0,0.0,0.0,2578.15
12:10:34.900,0.0,0.0,0.0,0.0,2578.15
12:10:35.000,0.0,0.0,0.0,0.0,2578.15
12:10:35.100,0.0,0.0,0.0,0.0,2578.15
12:10:35.200,0.0,0.0,0.0,0.0,2578.15
12:10:35.300,0.0,0.0,0.0,0.0,2578.15
12:10:35.400,0.0,0.0,0.0,0.0,2578.15
12:10:35.500,0.0,0.0,0.0,0.0,2578.15
12:10:35.600,0.0,0.0,0.0,0.0,2578.15
12:10:35.700,0.0,0.0,0.0,0.0,2578.15
12:10:35.800,0.0,0.0,0.0,0.0,2578.15
12:10:35.900,0.0,0.0,0.0,0.0,2578.15
12:10:36.000,0.0,0.0,0.0,0.0,2578.15
12:10:36.100,0.0,0.0,0.0,0.0,2578.15
12:10:36.200,0.0,0.0,0.0,0.0,2578.15
12:10:36.300,0.0,0.0,0.0,0.0,2578.15
12:10:36.400,0.0,0.0,0.0,0.0,2578.15
12:10:36.500,0.0,0.0,0.0,0.0,2578.15
12:10:36.600,0.0,0.0,0.0,0.0,2578.15
12:10:36.700,0.0,0.0,0.0,0.0,2578.15
12:10:36.800,0.0,0.0,0.0,0.0,2578.15
12:10:36.900,0.0,0.0,0.0,0.0,2578.15
12:10:37.000,0.0,0.0,0.0,0.0,2578.15
12:10:37.100,0.0,0.0,0.0,0.0,2578.15
12:10:37.200,0.0,0.0,0.0,0.0,2578.15
12:10:37.300,0.0,0.0,0.0,0.0,2578.15
12:10:37.400,0.0,0.0,0.0,0.0,2578.15
12:10:37.500,0.0,0.0,0.0,0.0,2578.15
12:10:37.600,0.0,0.0,0.0,0.0,2578.15
12:10:37.700,0.0,0.0,0.0,0.0,2578.15
12:10:37.800,0.0,0.0,0.0,0.0,2578.15
12:10:37.900,0.0,0.0,0.0,0.0,2578.15
12:10:38.000,0.0,0.0,0.0,0.0,2578.15
12:10:38.100,0.0,0.0,0.0,0.0,2578.15
12:10:38.200,0.0,0.0,0.0,0.0,2578.15
12:10:38.300,0.0,0.0,0.0,0.0,2578.15
12:10:38.400,0.0,0.0,0.0,0.0,2578.15
12:10:38.500,0.0,0.0,0.0,0.0,2578.15
12:10:38.600,0.0,0.0,0.0,0.0,2578.15
12:10:38.700,0.0,0.0,0.0,0.0,2578.15
12:10:38.800,0.0,0.0,0.0,0.0,2578.15
12:10:38.900,0.0,0.0,0.0,0.0,2578.15
12:10:39.000,0.0,0.0,0.0,0.0,2578.15
12:10:39.100,0.0,0.0,0.0,0.0,2578.15
12:10:39.200,0.0,0.0,0.0,0.0,2578.15
12:10:39.300,0.0,0.0,0.0,0.0,2578.15
12:10:39.400,0.0,0.0,0.0,0.0,2578.15
12:10:39.500,0.0,0.0,0.0,0.0,2578.15
12:10:39.600,0.0,0.0,0.0,0.0,2578.15
12:10:39.700,0.0,0.0,0.0,0.0,2578.15
12:10:39.800,0.0,0.0,0.0,0.0,2578.15
12:10:39.900,0.0,0.0,0.0,0.0,2578.15
12:10:40.000,0.0,0.0,0.0,0.0,2578.15
12:10:40.100,0.0,0.0,0.0,0.0,2578.15
12:10:40.200,0.0,0.0,0.0,0.0,2578.15
12:10:40.300,0.0,0.0,0.0,0.0,2578.15
12:10:40.400,0.0,0.0,0.0,0.0,2578.15
12:10:40.500,0.0,0.0,0.0,0.0,2578.15
12:10:40.600,0.0,0.0,0.0,0.0,2578.15
12:10:40.700,0.0,0.0,0.0,0.0,2578.15
12:10:40.800,0.0,0.0,0.0,0.0,2578.15
12:10:40.900,0.0,0.0,0.0,0.0,2578.15
12:10:41.000,0.0,0.0,0.0,0.0,2578.15
12:10:41.100,0.0,0.0,0.0,0.0,2578.15
12:10:41.200,0.0,0.0,0.0,0.0,2578.15
12:10:41.300,0.0,0.0,0.0,0.0,2578.15
12:10:41.400,0.0,0.0,0.0,0.0,2578.15
12:10:41.500,0.0,0.0,0.0,0.0,2578.15
12:10:41.600,0.0,0.0,0.0,0.0,2578.15
12:10:41.700,0.0,0.0,0.0,0.0,2578.15
12:10:41.800,0.0,0.0,0.0,0.0,2578.15
12:10:41.900,0.0,0.0,0.0,0.0,2578.15
12:10:42.000,0.0,0.0,0.0,0.0,2578.15
12:10:42.100,0.0,0.0,0.0,0.0,2578.15
12:10:42.200,0.0,0.0,0.0,0.0,2578.15
12:10:42.300,0.0,0.0,0.0,0.0,2578.15
12:10:42.400,0.0,0.0,0.0,0.0,2578.15
12:10:42.500,0.0,0.0,0.0,0.0,2578.15
12:10:42.600,0.0,0.0,0.0,0.0,2578.15
12:10:42.700,0.0,0.0,0.0,0.0,2578.15
12:10:42.800,0.0,0.0,0.0,0.0,2578.15
12:10:42.900,0.0,0.0,0.0,0.0,2578.15
12:10:43.000,0.0,0.0,0.0,0.0,2578.15
12:10:43.100,0.0,0.0,0.0,0.0,2578.15
12:10:43.200,0.0,0.0,0.0,0.0,2578.15
12:10:43.300,0.0,0.0,0.0,0.0,2578.15
12:10:43.400,0.0,0.0,0.0,0.0,2578.15
12:10:43.500,0.0,0.0,0.0,0.0,2578.15
12:10:43.600,0.0,0.0,0.0,0.0,2578.15
12:10:43.700,0.0,0.0,0.0,0.0,2578.15
12:10:43.800,0.0,0.0,0.0,0.0,2578.15
12:10:43.900,0.0,0.0,0.0,0.0,2578.15
12:10:44.000,0.0,0.0,0.0,0.0,2578.15
12:10:44.100,0.0,0.0,0.0,0.0,2578.15
12:10:44.200,0.0,0.0,0.0,0.0,2578.15
12:10:44.300,0.0,0.0,0.0,0.0,2578.15
12:10:44.400,0.0,0.0,0.0,0.0,2578.15
12:10:44.500,0.0,0.0,0.0,0.0,2578.15
12:10:44.600,0.0,0.0,0.0,0.0,2578.15
12:10:44.700,0.0,0.0,0.0,0.0,2578.15
12:10:44.800,0.0,0.0,0.0,0.0,2578.15
12:10:44.900,0.0,0.0,0.0,0.0,2578.15
12:10:45.000,0.0,0.0,0.0,0.0,2578.15
12:10:45.100,0.0,0.0,0.0,0.0,2578.15
12:10:45.200,0.0,0.0,0.0,0.0,2578.15
12:10:45.300,0.0,0.0,0.0,0.0,2578.15
12:10:45.400,0.0,0.0,0.0,0.0,2578.15
12:10:45.500,0.0,0.0,0.0,0.0,2578.15
12:10:45.600,0.0,0.0,0.0,0.0,2578.15
12:10:45.700,0.0,0.0,0.0,0.0,2578.15
12:10:45.800,0.0,0.0,0.0,0.0,2578.15
12:10:45.900,0.0,0.0,0.0,0.0,2578.15
12:10:46.000,0.0,0.0,0.0,0.0,2578.15
12:10:46.100,0.0,0.0,0.0,0.0,2578.15
12:10:46.200,0.0,0.0,0.0,0.0,2578.15
12:10:46.300,0.0,0.0,0.0,0.0,2578.15
12:10:46.400,0.0,0.0,0.0,0.0,2578.15
12:10:46.500,0.0,0.0,0.0,0.0,2578.15
12:10:46.600,0.0,0.0,0.0,0.0,2578.15
12:10:46.700,0.0,0.0,0.0,0.0,2578.15
12:10:46.800,0.0,0.0,0.0,0.0,2578.15
12:10:46.900,0.0,0.0,0.0,0.0,2578.15
12:10:47.000,0.0,0.0,0.0,0.0,2578.15
12:10:47.100,0.0,0.0,0.0,0.0,2578.15
12:10:47.200,0.0,0.0,0.0,0.0,2578.15
12:10:47.300,0.0,0.0,0.0,0.0,2578.15
12:10:47.400,0.0,0.0,0.0,0.0,2578.15
12:10:47.500,0.0,0.0,0.0,0.0,2578.15
12:10:47.600,0.0,0.0,0.0,0.0,2578.15
12:10:47.700,0.0,0.0,0.0,0.0,2578.15
12:10:47.800,0.0,0.0,0.0,0.0,2578.15
12:10:47.900,0.0,0.0,0.0,0.0,2578.15
12:10:48.000,0.0,0.0,0.0,0.0,2578.15
12:10:48.100,0.0,0.0,0.0,0.0,2578.15
12:10:48.200,0.0,0.0,0.0,0.0,2578.15
12:10:48.300,0.0,0.0,0.0,0.0,2578.15
12:10:48.400,0.0,0.0,0.0,0.0,2578.15
12:10:48.500,0.0,0.0,0.0,0.0,2578.15
12:10:48.600,0.0,0.0,0.0,0.0,2578.15
12:10:48.700,0.0,0.0,0.0,0.0,2578.15
12:10:48.800,0.0,0.0,0.0,0.0,2578.15
12:10:48.900,0.0,0.0,0.0,0.0,2578.15
12:10:49.000,0.0,0.0,0.0,0.0,2578.15
12:10:49.100,0.0,0.0,0.0,0.0,2578.15
12:10:49.200,0.0,0.0,0.0,0.0,2578.15
12:10:49.300,0.0,0.0,0.0,0.0,2578.15
12:10:49.400,0.0,0.0,0.0,0.0,2578.15
12:10:49.500,0.0,0.0,0.0,0.0,2578.15
12:10:49.600,0.0,0.0,0.0,0.0,2578.15
12:10:49.700,0.0,0.0,0.0,0.0,2578.15
12:10:49.800,0.0,0.0,0.0,0.0,2578.15
12:10:49.900,0.0,0.0,0.0,0.0,2578.15
12:10:50.000,0.0,0.0,0.0,0.0,2578.15
12:10:50.100,0.0,0.0,0.0,0.0,2578.15
12:10:50.200,0.0,0.0,0.0,0.0,2578.15
12:10:50.300,0.0,0.0,0.0,0.0,2578.15
12:10:50.400,0.0,0.0,0.0,0.0,2578.15
12:10:50.500,0.0,0.0,0.0,0.0,2578.15
12:10:50.600,0.0,0.0,0.0,0.0,2578.15
12:10:50.700,0.0,0.0,0.0,0.0,2578.15
12:10:50.800,0.0,0.0,0.0,0.0,2578.15
12:10:50.900,0.0,0.0,0.0,0.0,2578.15
12:10:51.000,0.0,0.0,0.0,0.0,2578.15
12:10:51.100,0.0,0.0,0.0,0.0,2578.15
12:10:51.200,0.0,0.0,0.0,0.0,2578.15
12:10:51.300,0.0,0.0,0.0,0.0,2578.15
12:10:51.400,0.0,0.0,0.0,0.0,2578.15
12:10:51.500,0.0,0.0,0.0,0.0,2578.15
12:10:51.600,0.0,0.0,0.0,0.0,2578.15
12:10:51.700,0.0,0.0,0.0,0.0,2578.15
12:10:51.800,0.0,0.0,0.0,0.0,2578.15
12:10:51.900,0.0,0.0,0.0,0.0,2578.15
12:10:52.000,0.0,0.0,0.0,0.0,2578.15
12:10:52.100,0.0,0.0,0.0,0.0,2578.15
12:10:52.200,0.0,0.0,0.0,0.0,2578.15
12:10:52.300,0.0,0.0,0.0,0.0,2578.15
12:10:52.400,0.0,0.0,0.0,0.0,2578.15
12:10:52.500,0.0,0.0,0.0,0.0,2578.15
12:10:52.600,0.0,0.0,0.0,0.0,2578.15
12:10:52.700,0.0,0.0,0.0,0.0,2578.15
12:10:52.800,0.0,0.0,0.0,0.0,2578.15
12:10:52.900,0.0,0.0,0.0,0.0,2578.15
12:10:53.000,0.0,0.0,0.0,0.0,2578.15
12:10:53.100,0.0,0.0,0.0,0.0,2578.15
12:10:53.200,0.0,0.0,0.0,0.0,2578.15
12:10:53.300,0.0,0.0,0.0,0.0,2578.15
12:10:53.400,0.0,0.0,0.0,0.0,2578.15
12:10:53.500,0.0,0.0,0.0,0.0,2578.15
12:10:53.600,0.0,0.0,0.0,0.0,2578.15
12:10:53.700,0.0,0.0,0.0,0.0,2578.15
12:10:53.800,0.0,0.0,0.0,0.0,2578.15
12:10:53.900,0.0,0.0,0.0,0.0,2578.15
12:10:54.000,0.0,0.0,0.0,0.0,2578.15
12:10:54.100,0.0,0.0,0.0,0.0,2578.15
12:10:54.200,0.0,0.0,0.0,0.0,2578.15
12:10:54.300,0.0,0.0,0.0,0.0,2578.15
12:10:54.400,0.0,0.0,0.0,0.0,2578.15
12:10:54.500,0.0,0.0,0.0,0.0,2578.15
12:10:54.600,0.0,0.0,0.0,0.0,2578.15
12:10:54.700,0.0,0.0,0.0,0.0,2578.15
12:10:54.800,0.0,0.0,0.0,0.0,2578.15
12:10:54.900,0.0,0.0,0.0,0.0,2578.15
12:10:55.000,0.0,0.0,0.0,0.0,2578.15
12:10:55.100,0.0,0.0,0.0,0.0,2578.15
12:10:55.200,0.0,0.0,0.0,0.0,2578.15
12:10:55.300,0.0,0.0,0.0,0.0,2578.15
12:10:55.400,0.0,0.0,0.0,0.0,2578.15
12:10:55.500,0.0,0.0,0.0,0.0,2578.15
12:10:55.600,0.0,0.0,0.0,0.0,2578.15
12:10:55.700,0.0,0.0,0.0,0.0,2578.15
12:10:55.800,0.0,0.0,0.0,0.0,2578.15
12:10:55.900,0.0,0.0,0.0,0.0,2578.15
12:10:56.000,0.0,0.0,0.0,0.0,2578.15
12:10:56.100,0.0,0.0,0.0,0.0,2578.15
12:10:56.200,0.0,0.0,0.0,0.0,2578.15
12:10:56.300,0.0,0.0,0.0,0.0,2578.15
12:10:56.400,0.0,0.0,0.0,0.0,2578.15
12:10:56.500,0.0,0.0,0.0,0.0,2578.15
12:10:56.600,0.0,0.0,0.0,0.0,2578.15
12:10:56.700,0.0,0.0,0.0,0.0,2578.15
12:10:56.800,0.0,0.0,0.0,0.0,2578.15
12:10:56.900,0.0,0.0,0.0,0.0,2578.15
12:10:57.000,0.0,0.0,0.0,0.0,2578.15
12:10:57.100,0.0,0.0,0.0,0.0,2578.15
12:10:57.200,0.0,0.0,0.0,0.0,2578.15
12:10:57.300,0.0,0.0,0.0,0.0,2578.15
12:10:57.400,0.0,0.0,0.0,0.0,2578.15
12:10:57.500,0.0,0.0,0.0,0.0,2578.15
12:10:57.600,0.0,0.0,0.0,0.0,2578.15
12:10:57.700,0.0,0.0,0.0,0.0,2578.15
12:10:57.800,0.0,0.0,0.0,0.0,2578.15
12:10:57.900,0.0,0.0,0.0,0.0,2578.15
12:10:58.000,0.0,0.0,0.0,0.0,2578.15
12:10:58.100,0.0,0.0,0.0,0.0,2578.15
12:10:58.200,0.0,0.0,0.0,0.0,2578.15
12:10:58.300,0.0,0.0,0.0,0.0,2578.15
12:10:58.400,0.0,0.0,0.0,0.0,2578.15
12:10:58.500,0.0,0.0,0.0,0.0,2578.15
12:10:58.600,0.0,0.0,0.0,0.0,2578.15
12:10:58.700,0.0,0.0,0.0,0.0,2578.15
12:10:58.800,0.0,0.0,0.0,0.0,2578.15
12:10:58.900,0.0,0.0,0.0,0.0,2578.15
12:10:59.000,0.0,0.0,0.0,0.0,2578.15
12:10:59.100,0.0,0.0,0.0,0.0,2578.15
12:10:59.200,0.0,0.0,0.0,0.0,2578.15
12:10:59.300,0.0,0.0,0.0,0.0,2578.15
12:10:59.400,0.0,0.0,0.0,0.0,2578.15
12:10:59.500,0.0,0.0,0.0,0.0,2578.15
12:10:59.600,0.0,0.0,0.0,0.0,2578.15
12:10:59.700,0.0,0.0,0.0,0.0,2578.15
12:10:59.800,0.0,0.0,0.0,0.0,2578.15
12:10:59.900,0.0,0.0,0.0,0.0,2578.15
12:11:00.000,0.0,0.0,0.0,0.0,2578.15
12:11:00.100,0.0,0.0,0.0,0.0,2578.15
12:11:00.200,0.0,0.0,0.0,0.0,2578.15
12:11:00.300,0.0,0.0,0.0,0.0,2578.15
12:11:00.400,0.0,0.0,0.0,0.0,2578.15
12:11:00.500,0.0,0.0,0.0,0.0,2578.15
12:11:00.600,0.0,0.0,0.0,0.0,2578.15
12:11:00.700,0.0,0.0,0.0,0.0,2578.15
12:11:00.800,0.0,0.0,0.0,0.0,2578.15
12:11:00.900,0.0,0.0,0.0,0.0,2578.15
12:11:01.000,0.0,0.0,0.0,0.0,2578.15
12:11:01.100,0.0,0.0,0.0,0.0,2578.15
12:11:01.200,0.0,0.0,0.0,0.0,2578.15
12:11:01.300,0.0,0.0,0.0,0.0,2578.15
12:11:01.400,0.0,0.0,0.0,0.0,2578.15
12:11:01.500,0.0,0.0,0.0,0.0,2578.15
12:11:01.600,0.0,0.0,0.0,0.0,2578.15
12:11:01.700,0.0,0.0,0.0,0.0,2578.15
12:11:01.800,0.0,0.0,0.0,0.0,2578.15
12:11:01.900,0.0,0.0,0.0,0.0,2578.15
12:11:02.000,0.0,0.0,0.0,0.0,2578.15
12:11:02.100,0.0,0.0,0.0,0.0,2578.15
12:11:02.200,0.0,0.0,0.0,0.0,2578.15
12:11:02.300,0.0,0.0,0.0,0.0,2578.15
12:11:02.400,0.0,0.0,0.0,0.0,2578.15
12:11:02.500,0.0,0.0,0.0,0.0,2578.15
12:11:02.600,0.0,0.0,0.0,0.0,2578.15
12:11:02.700,0.0,0.0,0.0,0.0,2578.15
12:11:02.800,0.0,0.0,0.0,0.0,2578.15
12:11:02.900,0.0,0.0,0.0,0.0,2578.15
12:11:03.000,0.0,0.0,0.0,0.0,2578.15
12:11:03.100,0.0,0.0,0.0,0.0,2578.15
12:11:03.200,0.0,0.0,0.0,0.0,2578.15
12:11:03.300,0.0,0.0,0.0,0.0,2578.15
12:11:03.400,0.0,0.0,0.0,0.0,2578.15
12:11:03.500,0.0,0.0,0.0,0.0,2578.15
12:11:03.600,0.0,0.0,0.0,0.0,2578.15
12:11:03.700,0.0,0.0,0.0,0.0,2578.15
12:11:03.800,0.0,0.0,0.0,0.0,2578.15
12:11:03.900,0.0,0.0,0.0,0.0,2578.15
12:11:04.000,0.0,0.0,0.0,0.0,2578.15
12:11:04.100,0.0,0.0,0.0,0.0,2578.15
12:11:04.200,0.0,0.0,0.0,0.0,2578.15
12:11:04.300,0.0,0.0,0.0,0.0,2578.15
12:11:04.400,0.0,0.0,0.0,0.0,2578.15
12:11:04.500,0.0,0.0,0.0,0.0,2578.15
12:11:04.600,0.0,0.0,0.0,0.0,2578.15
12:11:04.700,0.0,0.0,0.0,0.0,2578.15
12:11:04.800,0.0,0.0,0.0,0.0,2578.15
12:11:04.900,0.0,0.0,0.0,0.0,2578.15
12:11:05.000,0.0,0.0,0.0,0.0,2578.15
12:11:05.100,0.0,0.0,0.0,0.0,2578.15
12:11:05.200,0.0,0.0,0.0,0.0,2578.15
12:11:05.300,0.0,0.0,0.0,0.0,2578.15
12:11:05.400,0.0,0.0,0.0,0.0,2578.15
12:11:05.500,0.0,0.0,0.0,0.0,2578.15
12:11:05.600,0.0,0.0,0.0,0.0,2578.15
12:11:05.700,0.0,0.0,0.0,0.0,2578.15
12:11:05.800,0.0,0.0,0.0,0.0,2578.15
12:11:05.900,0.0,0.0,0.0,0.0,2578.15
12:11:06.000,0.0,0.0,0.0,0.0,2578.15
12:11:06.100,0.0,0.0,0.0,0.0,2578.15
12:11:06.200,0.0,0.0,0.0,0.0,2578.15
12:11:06.300,0.0,0.0,0.0,0.0,2578.15
12:11:06.400,0.0,0.0,0.0,0.0,2578.15
12:11:06.500,0.0,0.0,0.0,0.0,2578.15
12:11:06.600,0.0,0.0,0.0,0.0,2578.15
12:11:06.700,0.0,0.0,0.0,0.0,2578.15
12:11:06.800,0.0,0.0,0.0,0.0,2578.15
12:11:06.900,0.0,0.0,0.0,0.0,2578.15
12:11:07.000,0.0,0.0,0.0,0.0,2578.15
12:11:07.100,0.0,0.0,0.0,0.0,2578.15
12:11:07.200,0.0,0.0,0.0,0.0,2578.15
12:11:07.300,0.0,0.0,0.0,0.0,2578.15
12:11:07.400,0.0,0.0,0.0,0.0,2578.15
12:11:07.500,0.0,0.0,0.0,0.0,2578.15
12:11:07.600,0.0,0.0,0.0,0.0,2578.15
12:11:07.700,0.0,0.0,0.0,0.0,2578.15
12:11:07.800,0.0,0.0,0.0,0.0,2578.15
12:11:07.900,0.0,0.0,0.0,0.0,2578.15
12:11:08.000,0.0,0.0,0.0,0.0,2578.15
12:11:08.100,0.0,0.0,0.0,0.0,2578.15
12:11:08.200,0.0,0.0,0.0,0.0,2578.15
12:11:08.300,0.0,0.0,0.0,0.0,2578.15
12:11:08.400,0.0,0.0,0.0,0.0,2578.15
12:11:08.500,0.0,0.0,0.0,0.0,2578.15
12:11:08.600,0.0,0.0,0.0,0.0,2578.15
12:11:08.700,0.0,0.0,0.0,0.0,2578.15
12:11:08.800,0.0,0.0,0.0,0.0,2578.15
12:11:08.900,0.0,0.0,0.0,0.0,2578.15
12:11:09.000,0.0,0.0,0.0,0.0,2578.15
12:11:09.100,0.0,0.0,0.0,0.0,2578.15
12:11:09.200,0.0,0.0,0.0,0.0,2578.15
12:11:09.300,0.0,0.0,0.0,0.0,2578.15
12:11:09.400,0.0,0.0,0.0,0.0,2578.15
12:11:09.500,0.0,0.0,0.0,0.0,2578.15
12:11:09.600,0.0,0.0,0.0,0.0,2578.15
12:11:09.700,0.0,0.0,0.0,0.0,2578.15
12:11:09.800,0.0,0.0,0.0,0.0,2578.15
12:11:09.900,0.0,0.0,0.0,0.0,2578.15
12:11:10.000,0.0,0.0,0.0,0.0,2578.15
12:11:10.100,0.0,0.0,0.0,0.0,2578.15
12:11:10.200,0.0,0.0,0.0,0.0,2578.15
12:11:10.300,0.0,0.0,0.0,0.0,2578.15
12:11:10.400,0.0,0.0,0.0,0.0,2578.15
12:11:10.500,0.0,0.0,0.0,0.0,2578.15
12:11:10.600,0.0,0.0,0.0,0.0,2578.15
12:11:10.700,0.0,0.0,0.0,0.0,2578.15
12:11:10.800,0.0,0.0,0.0,0.0,2578.15
12:11:10.900,0.0,0.0,0.0,0.0,2578.15
12:11:11.000,0.0,0.0,0.0,0.0,2578.15
12:11:11.100,0.0,0.0,0.0,0.0,2578.15
12:11:11.200,0.0,0.0,0.0,0.0,2578.15
12:11:11.300,0.0,0.0,0.0,0.0,2578.15
12:11:11.400,0.0,0.0,0.0,0.0,2578.15
12:11:11.500,0.0,0.0,0.0,0.0,2578.15
12:11:11.600,0.0,0.0,0.0,0.0,2578.15
12:11:11.700,0.0,0.0,0.0,0.0,2578.15
12:11:11.800,0.0,0.0,0.0,0.0,2578.15
12:11:11.900,0.0,0.0,0.0,0.0,2578.15
12:11:12.000,0.0,0.0,0.0,0.0,2578.15
12:11:12.100,0.0,0.0,0.0,0.0,2578.15
12:11:12.200,0.0,0.0,0.0,0.0,2578.15
12:11:12.300,0.0,0.0,0.0,0.0,2578.15
12:11:12.400,0.0,0.0,0.0,0.0,2578.15
12:11:12.500,0.0,0.0,0.0,0.0,2578.15
12:11:12.600,0.0,0.0,0.0,0.0,2578.15
12:11:12.700,0.0,0.0,0.0,0.0,2578.15
12:11:12.800,0.0,0.0,0.0,0.0,2578.15
12:11:12.900,0.0,0.0,0.0,0.0,2578.15
12:11:13.000,0.0,0.0,0.0,0.0,2578.15
12:11:13.100,0.0,0.0,0.0,0.0,2578.15
12:11:13.200,0.0,0.0,0.0,0.0,2578.15
12:11:13.300,0.0,0.0,0.0,0.0,2578.15
12:11:13.400,0.0,0.0,0.0,0.0,2578.15
12:11:13.500,0.0,0.0,0.0,0.0,2578.15
12:11:13.600,0.0,0.0,0.0,0.0,2578.15
12:11:13.700,0.0,0.0,0.0,0.0,2578.15
12:11:13.800,0.0,0.0,0.0,0.0,2578.15
12:11:13.900,0.0,0.0,0.0,0.0,2578.15
12:11:14.000,0.0,0.0,0.0,0.0,2578.15
12:11:14.100,0.0,0.0,0.0,0.0,2578.15
12:11:14.200,0.0,0.0,0.0,0.0,2578.15
12:11:14.300,0.0,0.0,0.0,0.0,2578.15
12:11:14.400,0.0,0.0,0.0,0.0,2578.15
12:11:14.500,0.0,0.0,0.0,0.0,2578.15
12:11:14.600,0.0,0.0,0.0,0.0,2578.15
12:11:14.700,0.0,0.0,0.0,0.0,2578.15
12:11:14.800,0.0,0.0,0.0,0.0,2578.15
12:11:14.900,0.0,0.0,0.0,0.0,2578.15
12:11:15.000,0.0,0.0,0.0,0.0,2578.15
12:11:15.100,0.0,0.0,0.0,0.0,2578.15
12:11:15.200,0.0,0.0,0.0,0.0,2578.15
12:11:15.300,0.0,0.0,0.0,0.0,2578.15
12:11:15.400,0.0,0.0,0.0,0.0,2578.15
12:11:15.500,0.0,0.0,0.0,0.0,2578.15
12:11:15.600,0.0,0.0,0.0,0.0,2578.15
12:11:15.700,0.0,0.0,0.0,0.0,2578.15
12:11:15.800,0.0,0.0,0.0,0.0,2578.15
12:11:15.900,0.0,0.0,0.0,0.0,2578.15
12:11:16.000,0.0,0.0,0.0,0.0,2578.15
12:11:16.100,0.0,0.0,0.0,0.0,2578.15
12:11:16.200,0.0,0.0,0.0,0.0,2578.15
12:11:16.300,0.0,0.0,0.0,0.0,2578.15
12:11:16.400,0.0,0.0,0.0,0.0,2578.15
12:11:16.500,0.0,0.0,0.0,0.0,2578.15
12:11:16.600,0.0,0.0,0.0,0.0,2578.15
12:11:16.700,0.0,0.0,0.0,0.0,2578.15
12:11:16.800,0.0,0.0,0.0,0.0,2578.15
12:11:16.900,0.0,0.0,0.0,0.0,2578.15
12:11:17.000,0.0,0.0,0.0,0.0,2578.15
12:11:17.100,0.0,0.0,0.0,0.0,2578.15
12:11:17.200,0.0,0.0,0.0,0.0,2578.15
12:11:17.300,0.0,0.0,0.0,0.0,2578.15
12:11:17.400,0.0,0.0,0.0,0.0,2578.15
12:11:17.500,0.0,0.0,0.0,0.0,2578.15
12:11:17.600,0.0,0.0,0.0,0.0,2578.15
12:11:17.700,0.0,0.0,0.0,0.0,2578.15
12:11:17.800,0.0,0.0,0.0,0.0,2578.15
12:11:17.900,0.0,0.0,0.0,0.0,2578.15
12:11:18.000,0.0,0.0,0.0,0.0,2578.15
12:11:18.100,0.0,0.0,0.0,0.0,2578.15
12:11:18.200,0.0,0.0,0.0,0.0,2578.15
12:11:18.300,0.0,0.0,0.0,0.0,2578.15
12:11:18.400,0.0,0.0,0.0,0.0,2578.15
12:11:18.500,0.0,0.0,0.0,0.0,2578.15
12:11:18.600,0.0,0.0,0.0,0.0,2578.15
12:11:18.700,0.0,0.0,0.0,0.0,2578.15
12:11:18.800,0.0,0.0,0.0,0.0,2578.15
12:11:18.900,0.0,0.0,0.0,0.0,2578.15
12:11:19.000,0.0,0.0,0.0,0.0,2578.15
12:11:19.100,0.0,0.0,0.0,0.0,2578.15
12:11:19.200,0.0,0.0,0.0,0.0,2578.15
12:11:19.300,0.0,0.0,0.0,0.0,2578.15
12:11:19.400,0.0,0.0,0.0,0.0,2578.15
12:11:19.500,0.0,0.0,0.0,0.0,2578.15
12:11:19.600,0.0,0.0,0.0,0.0,2578.15
12:11:19.700,0.0,0.0,0.0,0.0,2578.15
12:11:19.800,0.0,0.0,0.0,0.0,2578.15
12:11:19.900,0.0,0.0,0.0,0.0,2578.15
12:11:20.000,0.0,0.0,0.0,0.0,2578.15
12:11:20.100,0.0,0.0,0.0,0.0,2578.15
12:11:20.200,0.0,0.0,0.0,0.0,2578.15
12:11:20.300,0.0,0.0,0.0,0.0,2578.15
12:11:20.400,0.0,0.0,0.0,0.0,2578.15
12:11:20.500,0.0,0.0,0.0,0.0,2578.15
12:11:20.600,0.0,0.0,0.0,0.0,2578.15
12:11:20.700,0.0,0.0,0.0,0.0,2578.15
12:11:20.800,0.0,0.0,0.0,0.0,2578.15
12:11:20.900,0.0,0.0,0.0,0.0,2578.15
12:11:21.000,0.0,0.0,0.0,0.0,2578.15
12:11:21.100,0.0,0.0,0.0,0.0,2578.15
12:11:21.200,0.0,0.0,0.0,0.0,2578.15
12:11:21.300,0.0,0.0,0.0,0.0,2578.15
12:11:21.400,0.0,0.0,0.0,0.0,2578.15
12:11:21.500,0.0,0.0,0.0,0.0,2578.15
12:11:21.600,0.0,0.0,0.0,0.0,2578.15
12:11:21.700,0.0,0.0,0.0,0.0,2578.15
12:11:21.800,0.0,0.0,0.0,0.0,2578.15
12:11:21.900,0.0,0.0,0.0,0.0,2578.15
12:11:22.000,0.0,0.0,0.0,0.0,2578.15
12:11:22.100,0.0,0.0,0.0,0.0,2578.15
12:11:22.200,0.0,0.0,0.0,0.0,2578.15
12:11:22.300,0.0,0.0,0.0,0.0,2578.15
12:11:22.400,0.0,0.0,0.0,0.0,2578.15
12:11:22.500,0.0,0.0,0.0,0.0,2578.15
12:11:22.600,0.0,0.0,0.0,0.0,2578.15
12:11:22.700,0.0,0.0,0.0,0.0,2578.15
12:11:22.800,0.0,0.0,0.0,0.0,2578.15
12:11:22.900,0.0,0.0,0.0,0.0,2578.15
12:11:23.000,0.0,0.0,0.0,0.0,2578.15
12:11:23.100,0.0,0.0,0.0,0.0,2578.15
12:11:23.200,0.0,0.0,0.0,0.0,2578.15
12:11:23.300,0.0,0.0,0.0,0.0,2578.15
12:11:23.400,0.0,0.0,0.0,0.0,2578.15
12:11:23.500,0.0,0.0,0.0,0.0,2578.15
12:11:23.600,0.0,0.0,0.0,0.0,2578.15
12:11:23.700,0.0,0.0,0.0,0.0,2578.15
12:11:23.800,0.0,0.0,0.0,0.0,2578.15
12:11:23.900,0.0,0.0,0.0,0.0,2578.15
12:11:24.000,0.0,0.0,0.0,0.0,2578.15
12:11:24.100,0.0,0.0,0.0,0.0,2578.15
12:11:24.200,0.0,0.0,0.0,0.0,2578.15
12:11:24.300,0.0,0.0,0.0,0.0,2578.15
12:11:24.400,0.0,0.0,0.0,0.0,2578.15
12:11:24.500,0.0,0.0,0.0,0.0,2578.15
12:11:24.600,0.0,0.0,0.0,0.0,2578.15
12:11:24.700,0.0,0.0,0.0,0.0,2578.15
12:11:24.800,0.0,0.0,0.0,0.0,2578.15
12:11:24.900,0.0,0.0,0.0,0.0,2578.15
12:11:25.000,0.0,0.0,0.0,0.0,2578.15
12:11:25.100,0.0,0.0,0.0,0.0,2578.15
12:11:25.200,0.0,0.0,0.0,0.0,2578.15
12:11:25.300,0.0,0.0,0.0,0.0,2578.15
12:11:25.400,0.0,0.0,0.0,0.0,2578.15
12:11:25.500,0.0,0.0,0.0,0.0,2578.15
12:11:25.600,0.0,0.0,0.0,0.0,2578.15
12:11:25.700,0.0,0.0,0.0,0.0,2578.15
12:11:25.800,0.0,0.0,0.0,0.0,2578.15
12:11:25.900,0.0,0.0,0.0,0.0,2578.15
12:11:26.000,0.0,0.0,0.0,0.0,2578.15
12:11:26.100,0.0,0.0,0.0,0.0,2578.15
12:11:26.200,0.0,0.0,0.0,0.0,2578.15
12:11:26.300,0.0,0.0,0.0,0.0,2578.15
12:11:26.400,0.0,0.0,0.0,0.0,2578.15
12:11:26.500,0.0,0.0,0.0,0.0,2578.15
12:11:26.600,0.0,0.0,0.0,0.0,2578.15
12:11:26.700,0.0,0.0,0.0,0.0,2578.15
12:11:26.800,0.0,0.0,0.0,0.0,2578.15
12:11:26.900,0.0,0.0,0.0,0.0,2578.15
12:11:27.000,0.0,0.0,0.0,0.0,2578.15
12:11:27.100,0.0,0.0,0.0,0.0,2578.15
12:11:27.200,0.0,0.0,0.0,0.0,2578.15
12:11:27.300,0.0,0.0,0.0,0.0,2578.15
12:11:27.400,0.0,0.0,0.0,0.0,2578.15
12:11:27.500,0.0,0.0,0.0,0.0,2578.15
12:11:27.600,0.0,0.0,0.0,0.0,2578.15
12:11:27.700,0.0,0.0,0.0,0.0,2578.15
12:11:27.800,0.0,0.0,0.0,0.0,2578.15
12:11:27.900,0.0,0.0,0.0,0.0,2578.15
12:11:28.000,0.0,0.0,0.0,0.0,2578.15
12:11:28.100,0.0,0.0,0.0,0.0,2578.15
12:11:28.200,0.0,0.0,0.0,0.0,2578.15
12:11:28.300,0.0,0.0,0.0,0.0,2578.15
12:11:28.400,0.0,0.0,0.0,0.0,2578.15
12:11:28.500,0.0,0.0,0.0,0.0,2578.15
12:11:28.600,0.0,0.0,0.0,0.0,2578.15
12:11:28.700,0.0,0.0,0.0,0.0,2578.15
12:11:28.800,0.0,0.0,0.0,0.0,2578.15
12:11:28.900,0.0,0.0,0.0,0.0,2578.15
12:11:29.000,0.0,0.0,0.0,0.0,2578.15
12:11:29.100,0.0,0.0,0.0,0.0,2578.15
12:11:29.200,0.0,0.0,0.0,0.0,2578.15
12:11:29.300,0.0,0.0,0.0,0.0,2578.15
12:11:29.400,0.0,0.0,0.0,0.0,2578.15
12:11:29.500,0.0,0.0,0.0,0.0,2578.15
12:11:29.600,0.0,0.0,0.0,0.0,2578.15
12:11:29.700,0.0,0.0,0.0,0.0,2578.15
12:11:29.800,0.0,0.0,0.0,0.0,2578.15
12:11:29.900,0.0,0.0,0.0,0.0,2578.15
12:11:30.000,0.0,0.0,0.0,0.0,2578.15
12:11:30.100,0.0,0.0,0.0,0.0,2578.15
12:11:30.200,0.0,0.0,0.0,0.0,2578.15
12:11:30.300,0.0,0.0,0.0,0.0,2578.15
12:11:30.400,0.0,0.0,0.0,0.0,2578.15
12:11:30.500,0.0,0.0,0.0,0.0,2578.15
12:11:30.600,0.0,0.0,0.0,0.0,2578.15
12:11:30.700,0.0,0.0,0.0,0.0,2578.15
12:11:30.800,0.0,0.0,0.0,0.0,2578.15
12:11:30.900,0.0,0.0,0.0,0.0,2578.15
12:11:31.000,0.0,0.0,0.0,0.0,2578.15
12:11:31.100,0.0,0.0,0.0,0.0,2578.15
12:11:31.200,0.0,0.0,0.0,0.0,2578.15
12:11:31.300,0.0,0.0,0.0,0.0,2578.15
12:11:31.400,0.0,0.0,0.0,0.0,2578.15
12:11:31.500,0.0,0.0,0.0,0.0,2578.15
12:11:31.600,0.0,0.0,0.0,0.0,2578.15
12:11:31.700,0.0,0.0,0.0,0.0,2578.15
12:11:31.800,0.0,0.0,0.0,0.0,2578.15
12:11:31.900,0.0,0.0,0.0,0.0,2578.15
12:11:32.000,0.0,0.0,0.0,0.0,2578.15
12:11:32.100,0.0,0.0,0.0,0.0,2578.15
12:11:32.200,0.0,0.0,0.0,0.0,2578.15
12:11:32.300,0.0,0.0,0.0,0.0,2578.15
12:11:32.400,0.0,0.0,0.0,0.0,2578.15
12:11:32.500,0.0,0.0,0.0,0.0,2578.15
12:11:32.600,0.0,0.0,0.0,0.0,2578.15
12:11:32.700,0.0,0.0,0.0,0.0,2578.15
12:11:32.800,0.0,0.0,0.0,0.0,2578.15
12:11:32.900,0.0,0.0,0.0,0.0,2578.15
12:11:33.000,0.0,0.0,0.0,0.0,2578.15
12:11:33.100,0.0,0.0,0.0,0.0,2578.15
12:11:33.200,0.0,0.0,0.0,0.0,2578.15
12:11:33.300,0.0,0.0,0.0,0.0,2578.15
12:11:33.400,0.0,0.0,0.0,0.0,2578.15
12:11:33.500,0.0,0.0,0.0,0.0,2578.15
12:11:33.600,0.0,0.0,0.0,0.0,2578.15
12:11:33.700,0.0,0.0,0.0,0.0,2578.15
12:11:33.800,0.0,0.0,0.0,0.0,2578.15
12:11:33.900,0.0,0.0,0.0,0.0,2578.15
12:11:34.000,0.0,0.0,0.0,0.0,2578.15
12:11:34.100,0.0,0.0,0.0,0.0,2578.15
12:11:34.200,0.0,0.0,0.0,0.0,2578.15
12:11:34.300,0.0,0.0,0.0,0.0,2578.15
12:11:34.400,0.0,0.0,0.0,0.0,2578.15
12:11:34.500,0.0,0.0,0.0,0.0,2578.15
12:11:34.600,0.0,0.0,0.0,0.0,2578.15
12:11:34.700,0.0,0.0,0.0,0.0,2578.15
12:11:34.800,0.0,0.0,0.0,0.0,2578.15
12:11:34.900,0.0,0.0,0.0,0.0,2578.15
12:11:35.000,0.0,0.0,0.0,0.0,2578.15
12:11:35.100,0.0,0.0,0.0,0.0,2578.15
12:11:35.200,0.0,0.0,0.0,0.0,2578.15
12:11:35.300,0.0,0.0,0.0,0.0,2578.15
12:11:35.400,0.0,0.0,0.0,0.0,2578.15
12:11:35.500,0.0,0.0,0.0,0.0,2578.15
12:11:35.600,0.0,0.0,0.0,0.0,2578.15
12:11:35.700,0.0,0.0,0.0,0.0,2578.15
12:11:35.800,0.0,0.0,0.0,0.0,2578.15
12:11:35.900,0.0,0.0,0.0,0.0,2578.15
12:11:36.000,0.0,0.0,0.0,0.0,2578.15
12:11:36.100,0.0,0.0,0.0,0.0,2578.15
12:11:36.200,0.0,0.0,0.0,0.0,2578.15
12:11:36.300,0.0,0.0,0.0,0.0,2578.15
12:11:36.400,0.0,0.0,0.0,0.0,2578.15
12:11:36.500,0.0,0.0,0.0,0.0,2578.15
12:11:36.600,0.0,0.0,0.0,0.0,2578.15
12:11:36.700,0.0,0.0,0.0,0.0,2578.15
12:11:36.800,0.0,0.0,0.0,0.0,2578.15
12:11:36.900,0.0,0.0,0.0,0.0,2578.15
12:11:37.000,0.0,0.0,0.0,0.0,2578.15
12:11:37.100,0.0,0.0,0.0,0.0,2578.15
12:11:37.200,0.0,0.0,0.0,0.0,2578.15
12:11:37.300,0.0,0.0,0.0,0.0,2578.15
12:11:37.400,0.0,0.0,0.0,0.0,2578.15
12:11:37.500,0.0,0.0,0.0,0.0,2578.15
12:11:37.600,0.0,0.0,0.0,0.0,2578.15
12:11:37.700,0.0,0.0,0.0,0.0,2578.15
12:11:37.800,0.0,0.0,0.0,0.0,2578.15
12:11:37.900,0.0,0.0,0.0,0.0,2578.15
12:11:38.000,0.0,0.0,0.0,0.0,2578.15
12:11:38.100,0.0,0.0,0.0,0.0,2578.15
12:11:38.200,0.0,0.0,0.0,0.0,2578.15
12:11:38.300,0.0,0.0,0.0,0.0,2578.15
12:11:38.400,0.0,0.0,0.0,0.0,2578.15
12:11:38.500,0.0,0.0,0.0,0.0,2578.15
12:11:38.600,0.0,0.0,0.0,0.0,2578.15
12:11:38.700,0.0,0.0,0.0,0.0,2578.15
12:11:38.800,0.0,0.0,0.0,0.0,2578.15
12:11:38.900,0.0,0.0,0.0,0.0,2578.15
12:11:39.000,0.0,0.0,0.0,0.0,2578.15
12:11:39.100,0.0,0.0,0.0,0.0,2578.15
12:11:39.200,0.0,0.0,0.0,0.0,2578.15
12:11:39.300,0.0,0.0,0.0,0.0,2578.15
12:11:39.400,0.0,0.0,0.0,0.0,2578.15
12:11:39.500,0.0,0.0,0.0,0.0,2578.15
12:11:39.600,0.0,0.0,0.0,0.0,2578.15
12:11:39.700,0.0,0.0,0.0,0.0,2578.15
12:11:39.800,0.0,0.0,0.0,0.0,2578.15
12:11:39.900,0.0,0.0,0.0,0.0,2578.15
12:11:40.000,0.0,0.0,0.0,0.0,2578.15
12:11:40.100,0.0,0.0,0.0,0.0,2578.15
12:11:40.200,0.0,0.0,0.0,0.0,2578.15
12:11:40.300,0.0,0.0,0.0,0.0,2578.15
12:11:40.400,0.0,0.0,0.0,0.0,2578.15
12:11:40.500,0.0,0.0,0.0,0.0,2578.15
12:11:40.600,0.0,0.0,0.0,0.0,2578.15
12:11:40.700,0.0,0.0,0.0,0.0,2578.15
12:11:40.800,0.0,0.0,0.0,0.0,2578.15
12:11:40.900,0.0,0.0,0.0,0.0,2578.15
12:11:41.000,0.0,0.0,0.0,0.0,2578.15
12:11:41.100,0.0,0.0,0.0,0.0,2578.15
12:11:41.200,0.0,0.0,0.0,0.0,2578.15
12:11:41.300,0.0,0.0,0.0,0.0,2578.15
12:11:41.400,0.0,0.0,0.0,0.0,2578.15
12:11:41.500,0.0,0.0,0.0,0.0,2578.15
12:11:41.600,0.0,0.0,0.0,0.0,2578.15
12:11:41.700,0.0,0.0,0.0,0.0,2578.15
12:11:41.800,0.0,0.0,0.0,0.0,2578.15
12:11:41.900,0.0,0.0,0.0,0.0,2578.15
12:11:42.000,0.0,0.0,0.0,0.0,2578.15
12:11:42.100,0.0,0.0,0.0,0.0,2578.15
12:11:42.200,0.0,0.0,0.0,0.0,2578.15
12:11:42.300,0.0,0.0,0.0,0.0,2578.15
12:11:42.400,0.0,0.0,0.0,0.0,2578.15
12:11:42.500,0.0,0.0,0.0,0.0,2578.15
12:11:42.600,0.0,0.0,0.0,0.0,2578.15
12:11:42.700,0.0,0.0,0.0,0.0,2578.15
12:11:42.800,0.0,0.0,0.0,0.0,2578.15
12:11:42.900,0.0,0.0,0.0,0.0,2578.15
12:11:43.000,0.0,0.0,0.0,0.0,2578.15
12:11:43.100,0.0,0.0,0.0,0.0,2578.15
12:11:43.200,0.0,0.0,0.0,0.0,2578.15
12:11:43.300,0.0,0.0,0.0,0.0,2578.15
12:11:43.400,0.0,0.0,0.0,0.0,2578.15
12:11:43.500,0.0,0.0,0.0,0.0,2578.15
12:11:43.600,0.0,0.0,0.0,0.0,2578.15
12:11:43.700,0.0,0.0,0.0,0.0,2578.15
12:11:43.800,0.0,0.0,0.0,0.0,2578.15
12:11:43.900,0.0,0.0,0.0,0.0,2578.15
12:11:44.000,0.0,0.0,0.0,0.0,2578.15
12:11:44.100,0.0,0.0,0.0,0.0,2578.15
12:11:44.200,0.0,0.0,0.0,0.0,2578.15
12:11:44.300,0.0,0.0,0.0,0.0,2578.15
12:11:44.400,0.0,0.0,0.0,0.0,2578.15
12:11:44.500,0.0,0.0,0.0,0.0,2578.15
12:11:44.600,0.0,0.0,0.0,0.0,2578.15
12:11:44.700,0.0,0.0,0.0,0.0,2578.15
12:11:44.800,0.0,0.0,0.0,0.0,2578.15
12:11:44.900,0.0,0.0,0.0,0.0,2578.15
12:11:45.000,0.0,0.0,0.0,0.0,2578.15
12:11:45.100,0.0,0.0,0.0,0.0,2578.15
12:11:45.200,0.0,0.0,0.0,0.0,2578.15
12:11:45.300,0.0,0.0,0.0,0.0,2578.15
12:11:45.400,0.0,0.0,0.0,0.0,2578.15
12:11:45.500,0.0,0.0,0.0,0.0,2578.15
12:11:45.600,0.0,0.0,0.0,0.0,2578.15
12:11:45.700,0.0,0.0,0.0,0.0,2578.15
12:11:45.800,0.0,0.0,0.0,0.0,2578.15
12:11:45.900,0.0,0.0,0.0,0.0,2578.15
12:11:46.000,0.0,0.0,0.0,0.0,2578.15
12:11:46.100,0.0,0.0,0.0,0.0,2578.15
12:11:46.200,0.0,0.0,0.0,0.0,2578.15
12:11:46.300,0.0,0.0,0.0,0.0,2578.15
12:11:46.400,0.0,0.0,0.0,0.0,2578.15
12:11:46.500,0.0,0.0,0.0,0.0,2578.15
12:11:46.600,0.0,0.0,0.0,0.0,2578.15
12:11:46.700,0.0,0.0,0.0,0.0,2578.15
12:11:46.800,0.0,0.0,0.0,0.0,2578.15
12:11:46.900,0.0,0.0,0.0,0.0,2578.15
12:11:47.000,0.0,0.0,0.0,0.0,2578.15
12:11:47.100,0.0,0.0,0.0,0.0,2578.15
12:11:47.200,0.0,0.0,0.0,0.0,2578.15
12:11:47.300,0.0,0.0,0.0,0.0,2578.15
12:11:47.400,0.0,0.0,0.0,0.0,2578.15
12:11:47.500,0.0,0.0,0.0,0.0,2578.15
12:11:47.600,0.0,0.0,0.0,0.0,2578.15
12:11:47.700,0.0,0.0,0.0,0.0,2578.15
12:11:47.800,0.0,0.0,0.0,0.0,2578.15
12:11:47.900,0.0,0.0,0.0,0.0,2578.15
12:11:48.000,0.0,0.0,0.0,0.0,2578.15
12:11:48.100,0.0,0.0,0.0,0.0,2578.15
12:11:48.200,0.0,0.0,0.0,0.0,2578.15
12:11:48.300,0.0,0.0,0.0,0.0,2578.15
12:11:48.400,0.0,0.0,0.0,0.0,2578.15
12:11:48.500,0.0,0.0,0.0,0.0,2578.15
12:11:48.600,0.0,0.0,0.0,0.0,2578.15
12:11:48.700,0.0,0.0,0.0,0.0,2578.15
12:11:48.800,0.0,0.0,0.0,0.0,2578.15
12:11:48.900,0.0,0.0,0.0,0.0,2578.15
12:11:49.000,0.0,0.0,0.0,0.0,2578.15
12:11:49.100,0.0,0.0,0.0,0.0,2578.15
12:11:49.200,0.0,0.0,0.0,0.0,2578.15
12:11:49.300,0.0,0.0,0.0,0.0,2578.15
12:11:49.400,0.0,0.0,0.0,0.0,2578.15
12:11:49.500,0.0,0.0,0.0,0.0,2578.15
12:11:49.600,0.0,0.0,0.0,0.0,2578.15
12:11:49.700,0.0,0.0,0.0,0.0,2578.15
12:11:49.800,0.0,0.0,0.0,0.0,2578.15
12:11:49.900,0.0,0.0,0.0,0.0,2578.15
12:11:50.000,0.0,0.0,0.0,0.0,2578.15
12:11:50.100,0.0,0.0,0.0,0.0,2578.15
12:11:50.200,0.0,0.0,0.0,0.0,2578.15
12:11:50.300,0.0,0.0,0.0,0.0,2578.15
12:11:50.400,0.0,0.0,0.0,0.0,2578.15
12:11:50.500,0.0,0.0,0.0,0.0,2578.15
12:11:50.600,0.0,0.0,0.0,0.0,2578.15
12:11:50.700,0.0,0.0,0.0,0.0,2578.15
12:11:50.800,0.0,0.0,0.0,0.0,2578.15
12:11:50.900,0.0,0.0,0.0,0.0,2578.15
12:11:51.000,0.0,0.0,0.0,0.0,2578.15
12:11:51.100,0.0,0.0,0.0,0.0,2578.15
12:11:51.200,0.0,0.0,0.0,0.0,2578.15
12:11:51.300,0.0,0.0,0.0,0.0,2578.15
12:11:51.400,0.0,0.0,0.0,0.0,2578.15
12:11:51.500,0.0,0.0,0.0,0.0,2578.15
12:11:51.600,0.0,0.0,0.0,0.0,2578.15
12:11:51.700,0.0,0.0,0.0,0.0,2578.15
12:11:51.800,0.0,0.0,0.0,0.0,2578.15
12:11:51.900,0.0,0.0,0.0,0.0,2578.15
12:11:52.000,0.0,0.0,0.0,0.0,2578.15
12:11:52.100,0.0,0.0,0.0,0.0,2578.15
12:11:52.200,0.0,0.0,0.0,0.0,2578.15
12:11:52.300,0.0,0.0,0.0,0.0,2578.15
12:11:52.400,0.0,0.0,0.0,0.0,2578.15
12:11:52.500,0.0,0.0,0.0,0.0,2578.15
12:11:52.600,0.0,0.0,0.0,0.0,2578.15
12:11:52.700,0.0,0.0,0.0,0.0,2578.15
12:11:52.800,0.0,0.0,0.0,0.0,2578.15
12:11:52.900,0.0,0.0,0.0,0.0,2578.15
12:11:53.000,0.0,0.0,0.0,0.0,2578.15
12:11:53.100,0.0,0.0,0.0,0.0,2578.15
12:11:53.200,0.0,0.0,0.0,0.0,2578.15
12:11:53.300,0.0,0.0,0.0,0.0,2578.15
12:11:53.400,0.0,0.0,0.0,0.0,2578.15
12:11:53.500,0.0,0.0,0.0,0.0,2578.15
12:11:53.600,0.0,0.0,0.0,0.0,2578.15
12:11:53.700,0.0,0.0,0.0,0.0,2578.15
12:11:53.800,0.0,0.0,0.0,0.0,2578.15
12:11:53.900,0.0,0.0,0.0,0.0,2578.15
12:11:54.000,0.0,0.0,0.0,0.0,2578.15
12:11:54.100,0.0,0.0,0.0,0.0,2578.15
12:11:54.200,0.0,0.0,0.0,0.0,2578.15
12:11:54.300,0.0,0.0,0.0,0.0,2578.15
12:11:54.400,0.0,0.0,0.0,0.0,2578.15
12:11:54.500,0.0,0.0,0.0,0.0,2578.15
12:11:54.600,0.0,0.0,0.0,0.0,2578.15
12:11:54.700,0.0,0.0,0.0,0.0,2578.15
12:11:54.800,0.0,0.0,0.0,0.0,2578.15
12:11:54.900,0.0,0.0,0.0,0.0,2578.15
12:11:55.000,0.0,0.0,0.0,0.0,2578.15
12:11:55.100,0.0,0.0,0.0,0.0,2578.15
12:11:55.200,0.0,0.0,0.0,0.0,2578.15
12:11:55.300,0.0,0.0,0.0,0.0,2578.15
12:11:55.400,0.0,0.0,0.0,0.0,2578.15
12:11:55.500,0.0,0.0,0.0,0.0,2578.15
12:11:55.600,0.0,0.0,0.0,0.0,2578.15
12:11:55.700,0.0,0.0,0.0,0.0,2578.15
12:11:55.800,0.0,0.0,0.0,0.0,2578.15
12:11:55.900,0.0,0.0,0.0,0.0,2578.15
12:11:56.000,0.0,0.0,0.0,0.0,2578.15
12:11:56.100,0.0,0.0,0.0,0.0,2578.15
12:11:56.200,0.0,0.0,0.0,0.0,2578.15
12:11:56.300,0.0,0.0,0.0,0.0,2578.15
12:11:56.400,0.0,0.0,0.0,0.0,2578.15
12:11:56.500,0.0,0.0,0.0,0.0,2578.15
12:11:56.600,0.0,0.0,0.0,0.0,2578.15
12:11:56.700,0.0,0.0,0.0,0.0,2578.15
12:11:56.800,0.0,0.0,0.0,0.0,2578.15
12:11:56.900,0.0,0.0,0.0,0.0,2578.15
12:11:57.000,0.0,0.0,0.0,0.0,2578.15
12:11:57.100,0.0,0.0,0.0,0.0,2578.15
12:11:57.200,0.0,0.0,0.0,0.0,2578.15
12:11:57.300,0.0,0.0,0.0,0.0,2578.15
12:11:57.400,0.0,0.0,0.0,0.0,2578.15
12:11:57.500,0.0,0.0,0.0,0.0,2578.15
12:11:57.600,0.0,0.0,0.0,0.0,2578.15
12:11:57.700,0.0,0.0,0.0,0.0,2578.15
12:11:57.800,0.0,0.0,0.0,0.0,2578.15
12:11:57.900,0.0,0.0,0.0,0.0,2578.15
12:11:58.000,0.0,0.0,0.0,0.0,2578.15
12:11:58.100,0.0,0.0,0.0,0.0,2578.15
12:11:58.200,0.0,0.0,0.0,0.0,2578.15
12:11:58.300,0.0,0.0,0.0,0.0,2578.15
12:11:58.400,0.0,0.0,0.0,0.0,2578.15
12:11:58.500,0.0,0.0,0.0,0.0,2578.15
12:11:58.600,0.0,0.0,0.0,0.0,2578.15
12:11:58.700,0.0,0.0,0.0,0.0,2578.15
12:11:58.800,0.0,0.0,0.0,0.0,2578.15
12:11:58.900,0.0,0.0,0.0,0.0,2578.15
12:11:59.000,0.0,0.0,0.0,0.0,2578.15
12:11:59.100,0.0,0.0,0.0,0.0,2578.15
12:11:59.200,0.0,0.0,0.0,0.0,2578.15
12:11:59.300,0.0,0.0,0.0,0.0,2578.15
12:11:59.400,0.0,0.0,0.0,0.0,2578.15
12:11:59.500,0.0,0.0,0.0,0.0,2578.15
12:11:59.600,0.0,0.0,0.0,0.0,2578.15
12:11:59.700,0.0,0.0,0.0,0.0,2578.15
12:11:59.800,0.0,0.0,0.0,0.0,2578.15
12:11:59.900,0.0,0.0,0.0,0.0,2578.15
12:12:00.000,0.0,0.0,0.0,0.0,2578.15
12:12:00.100,0.0,0.0,0.0,0.0,2578.15
12:12:00.200,0.0,0.0,0.0,0.0,2578.15
12:12:00.300,0.0,0.0,0.0,0.0,2578.15
12:12:00.400,0.0,0.0,0.0,0.0,2578.15
12:12:00.500,0.0,0.0,0.0,0.0,2578.15
12:12:00.600,0.0,0.0,0.0,0.0,2578.15
12:12:00.700,0.0,0.0,0.0,0.0,2578.15
12:12:00.800,0.0,0.0,0.0,0.0,2578.15
12:12:00.900,0.0,0.0,0.0,0.0,2578.15
12:12:01.000,0.0,0.0,0.0,0.0,2578.15
12:12:01.100,0.0,0.0,0.0,0.0,2578.15
12:12:01.200,0.0,0.0,0.0,0.0,2578.15
12:12:01.300,0.0,0.0,0.0,0.0,2578.15
12:12:01.400,0.0,0.0,0.0,0.0,2578.15
12:12:01.500,0.0,0.0,0.0,0.0,2578.15
12:12:01.600,0.0,0.0,0.0,0.0,2578.15
12:12:01.700,0.0,0.0,0.0,0.0,2578.15
12:12:01.800,0.0,0.0,0.0,0.0,2578.15
12:12:01.900,0.0,0.0,0.0,0.0,2578.15
12:12:02.000,0.0,0.0,0.0,0.0,2578.15
12:12:02.100,0.0,0.0,0.0,0.0,2578.15
12:12:02.200,0.0,0.0,0.0,0.0,2578.15
12:12:02.300,0.0,0.0,0.0,0.0,2578.15
12:12:02.400,0.0,0.0,0.0,0.0,2578.15
12:12:02.500,0.0,0.0,0.0,0.0,2578.15
12:12:02.600,0.0,0.0,0.0,0.0,2578.15
12:12:02.700,0.0,0.0,0.0,0.0,2578.15
12:12:02.800,0.0,0.0,0.0,0.0,2578.15
12:12:02.900,0.0,0.0,0.0,0.0,2578.15
12:12:03.000,0.0,0.0,0.0,0.0,2578.15
12:12:03.100,0.0,0.0,0.0,0.0,2578.15
12:12:03.200,0.0,0.0,0.0,0.0,2578.15
12:12:03.300,0.0,0.0,0.0,0.0,2578.15
12:12:03.400,0.0,0.0,0.0,0.0,2578.15
12:12:03.500,0.0,0.0,0.0,0.0,2578.15
12:12:03.600,0.0,0.0,0.0,0.0,2578.15
12:12:03.700,0.0,0.0,0.0,0.0,2578.15
12:12:03.800,0.0,0.0,0.0,0.0,2578.15
12:12:03.900,0.0,0.0,0.0,0.0,2578.15
12:12:04.000,0.0,0.0,0.0,0.0,2578.15
12:12:04.100,0.0,0.0,0.0,0.0,2578.15
12:12:04.200,0.0,0.0,0.0,0.0,2578.15
12:12:04.300,0.0,0.0,0.0,0.0,2578.15
12:12:04.400,0.0,0.0,0.0,0.0,2578.15
12:12:04.500,0.0,0.0,0.0,0.0,2578.15
12:12:04.600,0.0,0.0,0.0,0.0,2578.15
12:12:04.700,0.0,0.0,0.0,0.0,2578.15
12:12:04.800,0.0,0.0,0.0,0.0,2578.15
12:12:04.900,0.0,0.0,0.0,0.0,2578.15
12:12:05.000,0.0,0.0,0.0,0.0,2578.15
12:12:05.100,0.0,0.0,0.0,0.0,2578.15
12:12:05.200,0.0,0.0,0.0,0.0,2578.15
12:12:05.300,0.0,0.0,0.0,0.0,2578.15
12:12:05.400,0.0,0.0,0.0,0.0,2578.15
12:12:05.500,0.0,0.0,0.0,0.0,2578.15
12:12:05.600,0.0,0.0,0.0,0.0,2578.15
12:12:05.700,0.0,0.0,0.0,0.0,2578.15
12:12:05.800,0.0,0.0,0.0,0.0,2578.15
12:12:05.900,0.0,0.0,0.0,0.0,2578.15
12:12:06.000,0.0,0.0,0.0,0.0,2578.15
12:12:06.100,0.0,0.0,0.0,0.0,2578.15
12:12:06.200,0.0,0.0,0.0,0.0,2578.15
12:12:06.300,0.0,0.0,0.0,0.0,2578.15
12:12:06.400,0.0,0.0,0.0,0.0,2578.15
12:12:06.500,0.0,0.0,0.0,0.0,2578.15
12:12:06.600,0.0,0.0,0.0,0.0,2578.15
12:12:06.700,0.0,0.0,0.0,0.0,2578.15
12:12:06.800,0.0,0.0,0.0,0.0,2578.15
12:12:06.900,0.0,0.0,0.0,0.0,2578.15
12:12:07.000,0.0,0.0,0.0,0.0,2578.15
12:12:07.100,0.0,0.0,0.0,0.0,2578.15
12:12:07.200,0.0,0.0,0.0,0.0,2578.15
12:12:07.300,0.0,0.0,0.0,0.0,2578.15
12:12:07.400,0.0,0.0,0.0,0.0,2578.15
12:12:07.500,0.0,0.0,0.0,0.0,2578.15
12:12:07.600,0.0,0.0,0.0,0.0,2578.15
12:12:07.700,0.0,0.0,0.0,0.0,2578.15
12:12:07.800,0.0,0.0,0.0,0.0,2578.15
12:12:07.900,0.0,0.0,0.0,0.0,2578.15
12:12:08.000,0.0,0.0,0.0,0.0,2578.15
12:12:08.100,0.0,0.0,0.0,0.0,2578.15
12:12:08.200,0.0,0.0,0.0,0.0,2578.15
12:12:08.300,0.0,0.0,0.0,0.0,2578.15
12:12:08.400,0.0,0.0,0.0,0.0,2578.15
12:12:08.500,0.0,0.0,0.0,0.0,2578.15
12:12:08.600,0.0,0.0,0.0,0.0,2578.15
12:12:08.700,0.0,0.0,0.0,0.0,2578.15
12:12:08.800,0.0,0.0,0.0,0.0,2578.15
12:12:08.900,0.0,0.0,0.0,0.0,2578.15
12:12:09.000,0.0,0.0,0.0,0.0,2578.15
12:12:09.100,0.0,0.0,0.0,0.0,2578.15
12:12:09.200,0.0,0.0,0.0,0.0,2578.15
12:12:09.300,0.0,0.0,0.0,0.0,2578.15
12:12:09.400,0.0,0.0,0.0,0.0,2578.15
12:12:09.500,0.0,0.0,0.0,0.0,2578.15
12:12:09.600,0.0,0.0,0.0,0.0,2578.15
12:12:09.700,0.0,0.0,0.0,0.0,2578.15
12:12:09.800,0.0,0.0,0.0,0.0,2578.15
12:12:09.900,0.0,0.0,0.0,0.0,2578.15
12:12:10.000,0.0,0.0,0.0,0.0,2578.15
12:12:10.100,0.0,0.0,0.0,0.0,2578.15
12:12:10.200,0.0,0.0,0.0,0.0,2578.15
12:12:10.300,0.0,0.0,0.0,0.0,2578.15
12:12:10.400,0.0,0.0,0.0,0.0,2578.15
12:12:10.500,0.0,0.0,0.0,0.0,2578.15
12:12:10.600,0.0,0.0,0.0,0.0,2578.15
12:12:10.700,0.0,0.0,0.0,0.0,2578.15
12:12:10.800,0.0,0.0,0.0,0.0,2578.15
12:12:10.900,0.0,0.0,0.0,0.0,2578.15
12:12:11.000,0.0,0.0,0.0,0.0,2578.15
12:12:11.100,0.0,0.0,0.0,0.0,2578.15
12:12:11.200,0.0,0.0,0.0,0.0,2578.15
12:12:11.300,0.0,0.0,0.0,0.0,2578.15
12:12:11.400,0.0,0.0,0.0,0.0,2578.15
12:12:11.500,0.0,0.0,0.0,0.0,2578.15
12:12:11.600,0.0,0.0,0.0,0.0,2578.15
12:12:11.700,0.0,0.0,0.0,0.0,2578.15
12:12:11.800,0.0,0.0,0.0,0.0,2578.15
12:12:11.900,0.0,0.0,0.0,0.0,2578.15
12:12:12.000,0.0,0.0,0.0,0.0,2578.15
12:12:12.100,0.0,0.0,0.0,0.0,2578.15
12:12:12.200,0.0,0.0,0.0,0.0,2578.15
12:12:12.300,0.0,0.0,0.0,0.0,2578.15
12:12:12.400,0.0,0.0,0.0,0.0,2578.15
12:12:12.500,0.0,0.0,0.0,0.0,2578.15
12:12:12.600,0.0,0.0,0.0,0.0,2578.15
12:12:12.700,0.0,0.0,0.0,0.0,2578.15
12:12:12.800,0.0,0.0,0.0,0.0,2578.15
12:12:12.900,0.0,0.0,0.0,0.0,2578.15
12:12:13.000,0.0,0.0,0.0,0.0,2578.15
12:12:13.100,0.0,0.0,0.0,0.0,2578.15
12:12:13.200,0.0,0.0,0.0,0.0,2578.15
12:12:13.300,0.0,0.0,0.0,0.0,2578.15
12:12:13.400,0.0,0.0,0.0,0.0,2578.15
12:12:13.500,0.0,0.0,0.0,0.0,2578.15
12:12:13.600,0.0,0.0,0.0,0.0,2578.15
12:12:13.700,0.0,0.0,0.0,0.0,2578.15
12:12:13.800,0.0,0.0,0.0,0.0,2578.15
12:12:13.900,0.0,0.0,0.0,0.0,2578.15
12:12:14.000,0.0,0.0,0.0,0.0,2578.15
12:12:14.100,0.0,0.0,0.0,0.0,2578.15
12:12:14.200,0.0,0.0,0.0,0.0,2578.15
12:12:14.300,0.0,0.0,0.0,0.0,2578.15
12:12:14.400,0.0,0.0,0.0,0.0,2578.15
12:12:14.500,0.0,0.0,0.0,0.0,2578.15
12:12:14.600,0.0,0.0,0.0,0.0,2578.15
12:12:14.700,0.0,0.0,0.0,0.0,2578.15
12:12:14.800,0.0,0.0,0.0,0.0,2578.15
12:12:14.900,0.0,0.0,0.0,0.0,2578.15
12:12:15.000,0.0,0.0,0.0,0.0,2578.15
12:12:15.100,0.0,0.0,0.0,0.0,2578.15
12:12:15.200,0.0,0.0,0.0,0.0,2578.15
12:12:15.300,0.0,0.0,0.0,0.0,2578.15
12:12:15.400,0.0,0.0,0.0,0.0,2578.15
12:12:15.500,0.0,0.0,0.0,0.0,2578.15
12:12:15.600,0.0,0.0,0.0,0.0,2578.15
12:12:15.700,0.0,0.0,0.0,0.0,2578.15
12:12:15.800,0.0,0.0,0.0,0.0,2578.15
12:12:15.900,0.0,0.0,0.0,0.0,2578.15
12:12:16.000,0.0,0.0,0.0,0.0,2578.15
12:12:16.100,0.0,0.0,0.0,0.0,2578.15
12:12:16.200,0.0,0.0,0.0,0.0,2578.15
12:12:16.300,0.0,0.0,0.0,0.0,2578.15
12:12:16.400,0.0,0.0,0.0,0.0,2578.15
12:12:16.500,0.0,0.0,0.0,0.0,2578.15
12:12:16.600,0.0,0.0,0.0,0.0,2578.15
12:12:16.700,0.0,0.0,0.0,0.0,2578.15
12:12:16.800,0.0,0.0,0.0,0.0,2578.15
12:12:16.900,0.0,0.0,0.0,0.0,2578.15
12:12:17.000,0.0,0.0,0.0,0.0,2578.15
12:12:17.100,0.0,0.0,0.0,0.0,2578.15
12:12:17.200,0.0,0.0,0.0,0.0,2578.15
12:12:17.300,0.0,0.0,0.0,0.0,2578.15
12:12:17.400,0.0,0.0,0.0,0.0,2578.15
12:12:17.500,0.0,0.0,0.0,0.0,2578.15
12:12:17.600,0.0,0.0,0.0,0.0,2578.15
12:12:17.700,0.0,0.0,0.0,0.0,2578.15
12:12:17.800,0.0,0.0,0.0,0.0,2578.15
12:12:17.900,0.0,0.0,0.0,0.0,2578.15
12:12:18.000,0.0,0.0,0.0,0.0,2578.15
12:12:18.100,0.0,0.0,0.0,0.0,2578.15
12:12:18.200,0.0,0.0,0.0,0.0,2578.15
12:12:18.300,0.0,0.0,0.0,0.0,2578.15
12:12:18.400,0.0,0.0,0.0,0.0,2578.15
12:12:18.500,0.0,0.0,0.0,0.0,2578.15
12:12:18.600,0.0,0.0,0.0,0.0,2578.15
12:12:18.700,0.0,0.0,0.0,0.0,2578.15
12:12:18.800,0.0,0.0,0.0,0.0,2578.15
12:12:18.900,0.0,0.0,0.0,0.0,2578.15
12:12:19.000,0.0,0.0,0.0,0.0,2578.15
12:12:19.100,0.0,0.0,0.0,0.0,2578.15
12:12:19.200,0.0,0.0,0.0,0.0,2578.15
12:12:19.300,0.0,0.0,0.0,0.0,2578.15
12:12:19.400,0.0,0.0,0.0,0.0,2578.15
12:12:19.500,0.0,0.0,0.0,0.0,2578.15
12:12:19.600,0.0,0.0,0.0,0.0,2578.15
12:12:19.700,0.0,0.0,0.0,0.0,2578.15
12:12:19.800,0.0,0.0,0.0,0.0,2578.15
12:12:19.900,0.0,0.0,0.0,0.0,2578.15
12:12:20.000,0.0,0.0,0.0,0.0,2578.15
12:12:20.100,0.0,0.0,0.0,0.0,2578.15
12:12:20.200,0.0,0.0,0.0,0.0,2578.15
12:12:20.300,0.0,0.0,0.0,0.0,2578.15
12:12:20.400,0.0,0.0,0.0,0.0,2578.15
12:12:20.500,0.0,0.0,0.0,0.0,2578.15
12:12:20.600,0.0,0.0,0.0,0.0,2578.15
12:12:20.700,0.0,0.0,0.0,0.0,2578.15
12:12:20.800,0.0,0.0,0.0,0.0,2578.15
12:12:20.900,0.0,0.0,0.0,0.0,2578.15
12:12:21.000,0.0,0.0,0.0,0.0,2578.15
12:12:21.100,0.0,0.0,0.0,0.0,2578.15
12:12:21.200,0.0,0.0,0.0,0.0,2578.15
12:12:21.300,0.0,0.0,0.0,0.0,2578.15
12:12:21.400,0.0,0.0,0.0,0.0,2578.15
12:12:21.500,0.0,0.0,0.0,0.0,2578.15
12:12:21.600,0.0,0.0,0.0,0.0,2578.15
12:12:21.700,0.0,0.0,0.0,0.0,2578.15
12:12:21.800,0.0,0.0,0.0,0.0,2578.15
12:12:21.900,0.0,0.0,0.0,0.0,2578.15
12:12:22.000,0.0,0.0,0.0,0.0,2578.15
12:12:22.100,0.0,0.0,0.0,0.0,2578.15
12:12:22.200,0.0,0.0,0.0,0.0,2578.15
12:12:22.300,0.0,0.0,0.0,0.0,2578.15
12:12:22.400,0.0,0.0,0.0,0.0,2578.15
12:12:22.500,0.0,0.0,0.0,0.0,2578.15
12:12:22.600,0.0,0.0,0.0,0.0,2578.15
12:12:22.700,0.0,0.0,0.0,0.0,2578.15
12:12:22.800,0.0,0.0,0.0,0.0,2578.15
12:12:22.900,0.0,0.0,0.0,0.0,2578.15
12:12:23.000,0.0,0.0,0.0,0.0,2578.15
12:12:23.100,0.0,0.0,0.0,0.0,2578.15
12:12:23.200,0.0,0.0,0.0,0.0,2578.15
12:12:23.300,0.0,0.0,0.0,0.0,2578.15
12:12:23.400,0.0,0.0,0.0,0.0,2578.15
12:12:23.500,0.0,0.0,0.0,0.0,2578.15
12:12:23.600,0.0,0.0,0.0,0.0,2578.15
12:12:23.700,0.0,0.0,0.0,0.0,2578.15
12:12:23.800,0.0,0.0,0.0,0.0,2578.15
12:12:23.900,0.0,0.0,0.0,0.0,2578.15
12:12:24.000,0.0,0.0,0.0,0.0,2578.15
12:12:24.100,0.0,0.0,0.0,0.0,2578.15
12:12:24.200,0.0,0.0,0.0,0.0,2578.15
12:12:24.300,0.0,0.0,0.0,0.0,2578.15
12:12:24.400,0.0,0.0,0.0,0.0,2578.15
12:12:24.500,0.0,0.0,0.0,0.0,2578.15
12:12:24.600,0.0,0.0,0.0,0.0,2578.15
12:12:24.700,0.0,0.0,0.0,0.0,2578.15
12:12:24.800,0.0,0.0,0.0,0.0,2578.15
12:12:24.900,0.0,0.0,0.0,0.0,2578.15
12:12:25.000,0.0,0.0,0.0,0.0,2578.15
12:12:25.100,0.0,0.0,0.0,0.0,2578.15
12:12:25.200,0.0,0.0,0.0,0.0,2578.15
12:12:25.300,0.0,0.0,0.0,0.0,2578.15
12:12:25.400,0.0,0.0,0.0,0.0,2578.15
12:12:25.500,0.0,0.0,0.0,0.0,2578.15
12:12:25.600,0.0,0.0,0.0,0.0,2578.15
12:12:25.700,0.0,0.0,0.0,0.0,2578.15
12:12:25.800,0.0,0.0,0.0,0.0,2578.15
12:12:25.900,0.0,0.0,0.0,0.0,2578.15
12:12:26.000,0.0,0.0,0.0,0.0,2578.15
12:12:26.100,0.0,0.0,0.0,0.0,2578.15
12:12:26.200,0.0,0.0,0.0,0.0,2578.15
12:12:26.300,0.0,0.0,0.0,0.0,2578.15
12:12:26.400,0.0,0.0,0.0,0.0,2578.15
12:12:26.500,0.0,0.0,0.0,0.0,2578.15
12:12:26.600,0.0,0.0,0.0,0.0,2578.15
12:12:26.700,0.0,0.0,0.0,0.0,2578.15
12:12:26.800,0.0,0.0,0.0,0.0,2578.15
12:12:26.900,0.0,0.0,0.0,0.0,2578.15
12:12:27.000,0.0,0.0,0.0,0.0,2578.15
12:12:27.100,0.0,0.0,0.0,0.0,2578.15
12:12:27.200,0.0,0.0,0.0,0.0,2578.15
12:12:27.300,0.0,0.0,0.0,0.0,2578.15
12:12:27.400,0.0,0.0,0.0,0.0,2578.15
12:12:27.500,0.0,0.0,0.0,0.0,2578.15
12:12:27.600,0.0,0.0,0.0,0.0,2578.15
12:12:27.700,0.0,0.0,0.0,0.0,2578.15
12:12:27.800,0.0,0.0,0.0,0.0,2578.15
12:12:27.900,0.0,0.0,0.0,0.0,2578.15
12:12:28.000,0.0,0.0,0.0,0.0,2578.15
12:12:28.100,0.0,0.0,0.0,0.0,2578.15
12:12:28.200,0.0,0.0,0.0,0.0,2578.15
12:12:28.300,0.0,0.0,0.0,0.0,2578.15
12:12:28.400,0.0,0.0,0.0,0.0,2578.15
12:12:28.500,0.0,0.0,0.0,0.0,2578.15
12:12:28.600,0.0,0.0,0.0,0.0,2578.15
12:12:28.700,0.0,0.0,0.0,0.0,2578.15
12:12:28.800,0.0,0.0,0.0,0.0,2578.15
12:12:28.900,0.0,0.0,0.0,0.0,2578.15
12:12:29.000,0.0,0.0,0.0,0.0,2578.15
12:12:29.100,0.0,0.0,0.0,0.0,2578.15
12:12:29.200,0.0,0.0,0.0,0.0,2578.15
12:12:29.300,0.0,0.0,0.0,0.0,2578.15
12:12:29.400,0.0,0.0,0.0,0.0,2578.15
12:12:29.500,0.0,0.0,0.0,0.0,2578.15
12:12:29.600,0.0,0.0,0.0,0.0,2578.15
12:12:29.700,0.0,0.0,0.0,0.0,2578.15
12:12:29.800,0.0,0.0,0.0,0.0,2578.15
12:12:29.900,0.0,0.0,0.0,0.0,2578.15
12:12:30.000,0.0,0.0,0.0,0.0,2578.15
12:12:30.100,0.0,0.0,0.0,0.0,2578.15
12:12:30.200,0.0,0.0,0.0,0.0,2578.15
12:12:30.300,0.0,0.0,0.0,0.0,2578.15
12:12:30.400,0.0,0.0,0.0,0.0,2578.15
12:12:30.500,0.0,0.0,0.0,0.0,2578.15
12:12:30.600,0.0,0.0,0.0,0.0,2578.15
12:12:30.700,0.0,0.0,0.0,0.0,2578.15
12:12:30.800,0.0,0.0,0.0,0.0,2578.15
12:12:30.900,0.0,0.0,0.0,0.0,2578.15
12:12:31.000,0.0,0.0,0.0,0.0,2578.15
12:12:31.100,0.0,0.0,0.0,0.0,2578.15
12:12:31.200,0.0,0.0,0.0,0.0,2578.15
12:12:31.300,0.0,0.0,0.0,0.0,2578.15
12:12:31.400,0.0,0.0,0.0,0.0,2578.15
12:12:31.500,0.0,0.0,0.0,0.0,2578.15
12:12:31.600,0.0,0.0,0.0,0.0,2578.15
12:12:31.700,0.0,0.0,0.0,0.0,2578.15
12:12:31.800,0.0,0.0,0.0,0.0,2578.15
12:12:31.900,0.0,0.0,0.0,0.0,2578.15
12:12:32.000,0.0,0.0,0.0,0.0,2578.15
12:12:32.100,0.0,0.0,0.0,0.0,2578.15
12:12:32.200,0.0,0.0,0.0,0.0,2578.15
12:12:32.300,0.0,0.0,0.0,0.0,2578.15
12:12:32.400,0.0,0.0,0.0,0.0,2578.15
12:12:32.500,0.0,0.0,0.0,0.0,2578.15
12:12:32.600,0.0,0.0,0.0,0.0,2578.15
12:12:32.700,0.0,0.0,0.0,0.0,2578.15
12:12:32.800,0.0,0.0,0.0,0.0,2578.15
12:12:32.900,0.0,0.0,0.0,0.0,2578.15
12:12:33.000,0.0,0.0,0.0,0.0,2578.15
12:12:33.100,0.0,0.0,0.0,0.0,2578.15
12:12:33.200,0.0,0.0,0.0,0.0,2578.15
12:12:33.300,0.0,0.0,0.0,0.0,2578.15
12:12:33.400,0.0,0.0,0.0,0.0,2578.15
12:12:33.500,0.0,0.0,0.0,0.0,2578.15
12:12:33.600,0.0,0.0,0.0,0.0,2578.15
12:12:33.700,0.0,0.0,0.0,0.0,2578.15
12:12:33.800,0.0,0.0,0.0,0.0,2578.15
12:12:33.900,0.0,0.0,0.0,0.0,2578.15
12:12:34.000,0.0,0.0,0.0,0.0,2578.15
12:12:34.100,0.0,0.0,0.0,0.0,2578.15
12:12:34.200,0.0,0.0,0.0,0.0,2578.15
12:12:34.300,0.0,0.0,0.0,0.0,2578.15
12:12:34.400,0.0,0.0,0.0,0.0,2578.15
12:12:34.500,0.0,0.0,0.0,0.0,2578.15
12:12:34.600,0.0,0.0,0.0,0.0,2578.15
12:12:34.700,0.0,0.0,0.0,0.0,2578.15
12:12:34.800,0.0,0.0,0.0,0.0,2578.15
12:12:34.900,0.0,0.0,0.0,0.0,2578.15
12:12:35.000,0.0,0.0,0.0,0.0,2578.15
12:12:35.100,0.0,0.0,0.0,0.0,2578.15
12:12:35.200,0.0,0.0,0.0,0.0,2578.15
12:12:35.300,0.0,0.0,0.0,0.0,2578.15
12:12:35.400,0.0,0.0,0.0,0.0,2578.15
12:12:35.500,0.0,0.0,0.0,0.0,2578.15
12:12:35.600,0.0,0.0,0.0,0.0,2578.15
12:12:35.700,0.0,0.0,0.0,0.0,2578.15
12:12:35.800,0.0,0.0,0.0,0.0,2578.15
12:12:35.900,0.0,0.0,0.0,0.0,2578.15
12:12:36.000,0.0,0.0,0.0,0.0,2578.15
12:12:36.100,0.0,0.0,0.0,0.0,2578.15
12:12:36.200,0.0,0.0,0.0,0.0,2578.15
12:12:36.300,0.0,0.0,0.0,0.0,2578.15
12:12:36.400,0.0,0.0,0.0,0.0,2578.15
12:12:36.500,0.0,0.0,0.0,0.0,2578.15
12:12:36.600,0.0,0.0,0.0,0.0,2578.15
12:12:36.700,0.0,0.0,0.0,0.0,2578.15
12:12:36.800,0.0,0.0,0.0,0.0,2578.15
12:12:36.900,0.0,0.0,0.0,0.0,2578.15
12:12:37.000,0.0,0.0,0.0,0.0,2578.15
12:12:37.100,0.0,0.0,0.0,0.0,2578.15
12:12:37.200,0.0,0.0,0.0,0.0,2578.15
12:12:37.300,0.0,0.0,0.0,0.0,2578.15
12:12:37.400,0.0,0.0,0.0,0.0,2578.15
12:12:37.500,0.0,0.0,0.0,0.0,2578.15
12:12:37.600,0.0,0.0,0.0,0.0,2578.15
12:12:37.700,0.0,0.0,0.0,0.0,2578.15
12:12:37.800,0.0,0.0,0.0,0.0,2578.15
12:12:37.900,0.0,0.0,0.0,0.0,2578.15
12:12:38.000,0.0,0.0,0.0,0.0,2578.15
12:12:38.100,0.0,0.0,0.0,0.0,2578.15
12:12:38.200,0.0,0.0,0.0,0.0,2578.15
12:12:38.300,0.0,0.0,0.0,0.0,2578.15
12:12:38.400,0.0,0.0,0.0,0.0,2578.15
12:12:38.500,0.0,0.0,0.0,0.0,2578.15
12:12:38.600,0.0,0.0,0.0,0.0,2578.15
12:12:38.700,0.0,0.0,0.0,0.0,2578.15
12:12:38.800,0.0,0.0,0.0,0.0,2578.15
12:12:38.900,0.0,0.0,0.0,0.0,2578.15
12:12:39.000,0.0,0.0,0.0,0.0,2578.15
12:12:39.100,0.0,0.0,0.0,0.0,2578.15
12:12:39.200,0.0,0.0,0.0,0.0,2578.15
12:12:39.300,0.0,0.0,0.0,0.0,2578.15
12:12:39.400,0.0,0.0,0.0,0.0,2578.15
12:12:39.500,0.0,0.0,0.0,0.0,2578.15
12:12:39.600,0.0,0.0,0.0,0.0,2578.15
12:12:39.700,0.0,0.0,0.0,0.0,2578.15
12:12:39.800,0.0,0.0,0.0,0.0,2578.15
12:12:39.900,0.0,0.0,0.0,0.0,2578.15
12:12:40.000,0.0,0.0,0.0,0.0,2578.15
12:12:40.100,0.0,0.0,0.0,0.0,2578.15
12:12:40.200,0.0,0.0,0.0,0.0,2578.15
12:12:40.300,0.0,0.0,0.0,0.0,2578.15
12:12:40.400,0.0,0.0,0.0,0.0,2578.15
12:12:40.500,0.0,0.0,0.0,0.0,2578.15
12:12:40.600,0.0,0.0,0.0,0.0,2578.15
12:12:40.700,0.0,0.0,0.0,0.0,2578.15
12:12:40.800,0.0,0.0,0.0,0.0,2578.15
12:12:40.900,0.0,0.0,0.0,0.0,2578.15
12:12:41.000,0.0,0.0,0.0,0.0,2578.15
12:12:41.100,0.0,0.0,0.0,0.0,2578.15
12:12:41.200,0.0,0.0,0.0,0.0,2578.15
12:12:41.300,0.0,0.0,0.0,0.0,2578.15
12:12:41.400,0.0,0.0,0.0,0.0,2578.15
12:12:41.500,0.0,0.0,0.0,0.0,2578.15
12:12:41.600,0.0,0.0,0.0,0.0,2578.15
12:12:41.700,0.0,0.0,0.0,0.0,2578.15
12:12:41.800,0.0,0.0,0.0,0.0,2578.15
12:12:41.900,0.0,0.0,0.0,0.0,2578.15
12:12:42.000,0.0,0.0,0.0,0.0,2578.15
12:12:42.100,0.0,0.0,0.0,0.0,2578.15
12:12:42.200,0.0,0.0,0.0,0.0,2578.15
12:12:42.300,0.0,0.0,0.0,0.0,2578.15
12:12:42.400,0.0,0.0,0.0,0.0,2578.15
12:12:42.500,0.0,0.0,0.0,0.0,2578.15
12:12:42.600,0.0,0.0,0.0,0.0,2578.15
12:12:42.700,0.0,0.0,0.0,0.0,2578.15
12:12:42.800,0.0,0.0,0.0,0.0,2578.15
12:12:42.900,0.0,0.0,0.0,0.0,2578.15
12:12:43.000,0.0,0.0,0.0,0.0,2578.15
12:12:43.100,0.0,0.0,0.0,0.0,2578.15
12:12:43.200,0.0,0.0,0.0,0.0,2578.15
12:12:43.300,0.0,0.0,0.0,0.0,2578.15
12:12:43.400,0.0,0.0,0.0,0.0,2578.15
12:12:43.500,0.0,0.0,0.0,0.0,2578.15
12:12:43.600,0.0,0.0,0.0,0.0,2578.15
12:12:43.700,0.0,0.0,0.0,0.0,2578.15
12:12:43.800,0.0,0.0,0.0,0.0,2578.15
12:12:43.900,0.0,0.0,0.0,0.0,2578.15
12:12:44.000,0.0,0.0,0.0,0.0,2578.15
12:12:44.100,0.0,0.0,0.0,0.0,2578.15
12:12:44.200,0.0,0.0,0.0,0.0,2578.15
12:12:44.300,0.0,0.0,0.0,0.0,2578.15
12:12:44.400,0.0,0.0,0.0,0.0,2578.15
12:12:44.500,0.0,0.0,0.0,0.0,2578.15
12:12:44.600,0.0,0.0,0.0,0.0,2578.15
12:12:44.700,0.0,0.0,0.0,0.0,2578.15
12:12:44.800,0.0,0.0,0.0,0.0,2578.15
12:12:44.900,0.0,0.0,0.0,0.0,2578.15
12:12:45.000,0.0,0.0,0.0,0.0,2578.15
12:12:45.100,0.0,0.0,0.0,0.0,2578.15
12:12:45.200,0.0,0.0,0.0,0.0,2578.15
12:12:45.300,0.0,0.0,0.0,0.0,2578.15
12:12:45.400,0.0,0.0,0.0,0.0,2578.15
12:12:45.500,0.0,0.0,0.0,0.0,2578.15
12:12:45.600,0.0,0.0,0.0,0.0,2578.15
12:12:45.700,0.0,0.0,0.0,0.0,2578.15
12:12:45.800,0.0,0.0,0.0,0.0,2578.15
12:12:45.900,0.0,0.0,0.0,0.0,2578.15
12:12:46.000,0.0,0.0,0.0,0.0,2578.15
12:12:46.100,0.0,0.0,0.0,0.0,2578.15
12:12:46.200,0.0,0.0,0.0,0.0,2578.15
12:12:46.300,0.0,0.0,0.0,0.0,2578.15
12:12:46.400,0.0,0.0,0.0,0.0,2578.15
12:12:46.500,0.0,0.0,0.0,0.0,2578.15
12:12:46.600,0.0,0.0,0.0,0.0,2578.15
12:12:46.700,0.0,0.0,0.0,0.0,2578.15
12:12:46.800,0.0,0.0,0.0,0.0,2578.15
12:12:46.900,0.0,0.0,0.0,0.0,2578.15
12:12:47.000,0.0,0.0,0.0,0.0,2578.15
12:12:47.100,0.0,0.0,0.0,0.0,2578.15
12:12:47.200,0.0,0.0,0.0,0.0,2578.15
12:12:47.300,0.0,0.0,0.0,0.0,2578.15
12:12:47.400,0.0,0.0,0.0,0.0,2578.15
12:12:47.500,0.0,0.0,0.0,0.0,2578.15
12:12:47.600,0.0,0.0,0.0,0.0,2578.15
12:12:47.700,0.0,0.0,0.0,0.0,2578.15
12:12:47.800,0.0,0.0,0.0,0.0,2578.15
12:12:47.900,0.0,0.0,0.0,0.0,2578.15
12:12:48.000,0.0,0.0,0.0,0.0,2578.15
12:12:48.100,0.0,0.0,0.0,0.0,2578.15
12:12:48.200,0.0,0.0,0.0,0.0,2578.15
12:12:48.300,0.0,0.0,0.0,0.0,2578.15
12:12:48.400,0.0,0.0,0.0,0.0,2578.15
12:12:48.500,0.0,0.0,0.0,0.0,2578.15
12:12:48.600,0.0,0.0,0.0,0.0,2578.15
12:12:48.700,0.0,0.0,0.0,0.0,2578.15
12:12:48.800,0.0,0.0,0.0,0.0,2578.15
12:12:48.900,0.0,0.0,0.0,0.0,2578.15
12:12:49.000,0.0,0.0,0.0,0.0,2578.15
12:12:49.100,0.0,0.0,0.0,0.0,2578.15
12:12:49.200,0.0,0.0,0.0,0.0,2578.15
12:12:49.300,0.0,0.0,0.0,0.0,2578.15
12:12:49.400,0.0,0.0,0.0,0.0,2578.15
12:12:49.500,0.0,0.0,0.0,0.0,2578.15
12:12:49.600,0.0,0.0,0.0,0.0,2578.15
12:12:49.700,0.0,0.0,0.0,0.0,2578.15
12:12:49.800,0.0,0.0,0.0,0.0,2578.15
12:12:49.900,0.0,0.0,0.0,0.0,2578.15
12:12:50.000,0.0,0.0,0.0,0.0,2578.15
12:12:50.100,0.0,0.0,0.0,0.0,2578.15
12:12:50.200,0.0,0.0,0.0,0.0,2578.15
12:12:50.300,0.0,0.0,0.0,0.0,2578.15
12:12:50.400,0.0,0.0,0.0,0.0,2578.15
12:12:50.500,0.0,0.0,0.0,0.0,2578.15
12:12:50.600,0.0,0.0,0.0,0.0,2578.15
12:12:50.700,0.0,0.0,0.0,0.0,2578.15
12:12:50.800,0.0,0.0,0.0,0.0,2578.15
12:12:50.900,0.0,0.0,0.0,0.0,2578.15
12:12:51.000,0.0,0.0,0.0,0.0,2578.15
12:12:51.100,0.0,0.0,0.0,0.0,2578.15
12:12:51.200,0.0,0.0,0.0,0.0,2578.15
12:12:51.300,0.0,0.0,0.0,0.0,2578.15
12:12:51.400,0.0,0.0,0.0,0.0,2578.15
12:12:51.500,0.0,0.0,0.0,0.0,2578.15
12:12:51.600,0.0,0.0,0.0,0.0,2578.15
12:12:51.700,0.0,0.0,0.0,0.0,2578.15
12:12:51.800,0.0,0.0,0.0,0.0,2578.15
12:12:51.900,0.0,0.0,0.0,0.0,2578.15
12:12:52.000,0.0,0.0,0.0,0.0,2578.15
12:12:52.100,0.0,0.0,0.0,0.0,2578.15
12:12:52.200,0.0,0.0,0.0,0.0,2578.15
12:12:52.300,0.0,0.0,0.0,0.0,2578.15
12:12:52.400,0.0,0.0,0.0,0.0,2578.15
12:12:52.500,0.0,0.0,0.0,0.0,2578.15
12:12:52.600,0.0,0.0,0.0,0.0,2578.15
12:12:52.700,0.0,0.0,0.0,0.0,2578.15
12:12:52.800,0.0,0.0,0.0,0.0,2578.15
12:12:52.900,0.0,0.0,0.0,0.0,2578.15
12:12:53.000,0.0,0.0,0.0,0.0,2578.15
12:12:53.100,0.0,0.0,0.0,0.0,2578.15
12:12:53.200,0.0,0.0,0.0,0.0,2578.15
12:12:53.300,0.0,0.0,0.0,0.0,2578.15
12:12:53.400,0.0,0.0,0.0,0.0,2578.15
12:12:53.500,0.0,0.0,0.0,0.0,2578.15
12:12:53.600,0.0,0.0,0.0,0.0,2578.15
12:12:53.700,0.0,0.0,0.0,0.0,2578.15
12:12:53.800,0.0,0.0,0.0,0.0,2578.15
12:12:53.900,0.0,0.0,0.0,0.0,2578.15
12:12:54.000,0.0,0.0,0.0,0.0,2578.15
12:12:54.100,0.0,0.0,0.0,0.0,2578.15
12:12:54.200,0.0,0.0,0.0,0.0,2578.15
12:12:54.300,0.0,0.0,0.0,0.0,2578.15
12:12:54.400,0.0,0.0,0.0,0.0,2578.15
12:12:54.500,0.0,0.0,0.0,0.0,2578.15
12:12:54.600,0.0,0.0,0.0,0.0,2578.15
12:12:54.700,0.0,0.0,0.0,0.0,2578.15
12:12:54.800,0.0,0.0,0.0,0.0,2578.15
12:12:54.900,0.0,0.0,0.0,0.0,2578.15
12:12:55.000,0.0,0.0,0.0,0.0,2578.15
12:12:55.100,0.0,0.0,0.0,0.0,2578.15
12:12:55.200,0.0,0.0,0.0,0.0,2578.15
12:12:55.300,0.0,0.0,0.0,0.0,2578.15
12:12:55.400,0.0,0.0,0.0,0.0,2578.15
12:12:55.500,0.0,0.0,0.0,0.0,2578.15
12:12:55.600,0.0,0.0,0.0,0.0,2578.15
12:12:55.700,0.0,0.0,0.0,0.0,2578.15
12:12:55.800,0.0,0.0,0.0,0.0,2578.15
12:12:55.900,0.0,0.0,0.0,0.0,2578.15
12:12:56.000,0.0,0.0,0.0,0.0,2578.15
12:12:56.100,0.0,0.0,0.0,0.0,2578.15
12:12:56.200,0.0,0.0,0.0,0.0,2578.15
12:12:56.300,0.0,0.0,0.0,0.0,2578.15
12:12:56.400,0.0,0.0,0.0,0.0,2578.15
12:12:56.500,0.0,0.0,0.0,0.0,2578.15
12:12:56.600,0.0,0.0,0.0,0.0,2578.15
12:12:56.700,0.0,0.0,0.0,0.0,2578.15
12:12:56.800,0.0,0.0,0.0,0.0,2578.15
12:12:56.900,0.0,0.0,0.0,0.0,2578.15
12:12:57.000,0.0,0.0,0.0,0.0,2578.15
12:12:57.100,0.0,0.0,0.0,0.0,2578.15
12:12:57.200,0.0,0.0,0.0,0.0,2578.15
12:12:57.300,0.0,0.0,0.0,0.0,2578.15
12:12:57.400,0.0,0.0,0.0,0.0,2578.15
12:12:57.500,0.0,0.0,0.0,0.0,2578.15
12:12:57.600,0.0,0.0,0.0,0.0,2578.15
12:12:57.700,0.0,0.0,0.0,0.0,2578.15
12:12:57.800,0.0,0.0,0.0,0.0,2578.15
12:12:57.900,0.0,0.0,0.0,0.0,2578.15
12:12:58.000,0.0,0.0,0.0,0.0,2578.15
12:12:58.100,0.0,0.0,0.0,0.0,2578.15
12:12:58.200,0.0,0.0,0.0,0.0,2578.15
12:12:58.300,0.0,0.0,0.0,0.0,2578.15
12:12:58.400,0.0,0.0,0.0,0.0,2578.15
12:12:58.500,0.0,0.0,0.0,0.0,2578.15
12:12:58.600,0.0,0.0,0.0,0.0,2578.15
12:12:58.700,0.0,0.0,0.0,0.0,2578.15
12:12:58.800,0.0,0.0,0.0,0.0,2578.15
12:12:58.900,0.0,0.0,0.0,0.0,2578.15
12:12:59.000,0.0,0.0,0.0,0.0,2578.15
12:12:59.100,0.0,0.0,0.0,0.0,2578.15
12:12:59.200,0.0,0.0,0.0,0.0,2578.15
12:12:59.300,0.0,0.0,0.0,0.0,2578.15
12:12:59.400,0.0,0.0,0.0,0.0,2578.15
12:12:59.500,0.0,0.0,0.0,0.0,2578.15
12:12:59.600,0.0,0.0,0.0,0.0,2578.15
12:12:59.700,0.0,0.0,0.0,0.0,2578.15
12:12:59.800,0.0,0.0,0.0,0.0,2578.15
12:12:59.900,0.0,0.0,0.0,0.0,2578.15
12:13:00.000,0.0,0.0,0.0,0.0,2578.15
12:13:00.100,0.0,0.0,0.0,0.0,2578.15
12:13:00.200,0.0,0.0,0.0,0.0,2578.15
12:13:00.300,0.0,0.0,0.0,0.0,2578.15
12:13:00.400,0.0,0.0,0.0,0.0,2578.15
12:13:00.500,0.0,0.0,0.0,0.0,2578.15
12:13:00.600,0.0,0.0,0.0,0.0,2578.15
12:13:00.700,0.0,0.0,0.0,0.0,2578.15
12:13:00.800,0.0,0.0,0.0,0.0,2578.15
12:13:00.900,0.0,0.0,0.0,0.0,2578.15
12:13:01.000,0.0,0.0,0.0,0.0,2578.15
12:13:01.100,0.0,0.0,0.0,0.0,2578.15
12:13:01.200,0.0,0.0,0.0,0.0,2578.15
12:13:01.300,0.0,0.0,0.0,0.0,2578.15
12:13:01.400,0.0,0.0,0.0,0.0,2578.15
12:13:01.500,0.0,0.0,0.0,0.0,2578.15
12:13:01.600,0.0,0.0,0.0,0.0,2578.15
12:13:01.700,0.0,0.0,0.0,0.0,2578.15
12:13:01.800,0.0,0.0,0.0,0.0,2578.15
12:13:01.900,0.0,0.0,0.0,0.0,2578.15
12:13:02.000,0.0,0.0,0.0,0.0,2578.15
12:13:02.100,0.0,0.0,0.0,0.0,2578.15
12:13:02.200,0.0,0.0,0.0,0.0,2578.15
12:13:02.300,0.0,0.0,0.0,0.0,2578.15
12:13:02.400,0.0,0.0,0.0,0.0,2578.15
12:13:02.500,0.0,0.0,0.0,0.0,2578.15
12:13:02.600,0.0,0.0,0.0,0.0,2578.15
12:13:02.700,0.0,0.0,0.0,0.0,2578.15
12:13:02.800,0.0,0.0,0.0,0.0,2578.15
12:13:02.900,0.0,0.0,0.0,0.0,2578.15
12:13:03.000,0.0,0.0,0.0,0.0,2578.15
12:13:03.100,0.0,0.0,0.0,0.0,2578.15
12:13:03.200,0.0,0.0,0.0,0.0,2578.15
12:13:03.300,0.0,0.0,0.0,0.0,2578.15
12:13:03.400,0.0,0.0,0.0,0.0,2578.15
12:13:03.500,0.0,0.0,0.0,0.0,2578.15
12:13:03.600,0.0,0.0,0.0,0.0,2578.15
12:13:03.700,0.0,0.0,0.0,0.0,2578.15
12:13:03.800,0.0,0.0,0.0,0.0,2578.15
12:13:03.900,0.0,0.0,0.0,0.0,2578.15
12:13:04.000,0.0,0.0,0.0,0.0,2578.15
12:13:04.100,0.0,0.0,0.0,0.0,2578.15
12:13:04.200,0.0,0.0,0.0,0.0,2578.15
12:13:04.300,0.0,0.0,0.0,0.0,2578.15
12:13:04.400,0.0,0.0,0.0,0.0,2578.15
12:13:04.500,0.0,0.0,0.0,0.0,2578.15
12:13:04.600,0.0,0.0,0.0,0.0,2578.15
12:13:04.700,0.0,0.0,0.0,0.0,2578.15
12:13:04.800,0.0,0.0,0.0,0.0,2578.15
12:13:04.900,0.0,0.0,0.0,0.0,2578.15
12:13:05.000,0.0,0.0,0.0,0.0,2578.15
12:13:05.100,0.0,0.0,0.0,0.0,2578.15
12:13:05.200,0.0,0.0,0.0,0.0,2578.15
12:13:05.300,0.0,0.0,0.0,0.0,2578.15
12:13:05.400,0.0,0.0,0.0,0.0,2578.15
12:13:05.500,0.0,0.0,0.0,0.0,2578.15
12:13:05.600,0.0,0.0,0.0,0.0,2578.15
12:13:05.700,0.0,0.0,0.0,0.0,2578.15
12:13:05.800,0.0,0.0,0.0,0.0,2578.15
12:13:05.900,0.0,0.0,0.0,0.0,2578.15
12:13:06.000,0.0,0.0,0.0,0.0,2578.15
12:13:06.100,0.0,0.0,0.0,0.0,2578.15
12:13:06.200,0.0,0.0,0.0,0.0,2578.15
12:13:06.300,0.0,0.0,0.0,0.0,2578.15
12:13:06.400,0.0,0.0,0.0,0.0,2578.15
12:13:06.500,0.0,0.0,0.0,0.0,2578.15
12:13:06.600,0.0,0.0,0.0,0.0,2578.15
12:13:06.700,0.0,0.0,0.0,0.0,2578.15
12:13:06.800,0.0,0.0,0.0,0.0,2578.15
12:13:06.900,0.0,0.0,0.0,0.0,2578.15
12:13:07.000,0.0,0.0,0.0,0.0,2578.15
12:13:07.100,0.0,0.0,0.0,0.0,2578.15
12:13:07.200,0.0,0.0,0.0,0.0,2578.15
12:13:07.300,0.0,0.0,0.0,0.0,2578.15
12:13:07.400,0.0,0.0,0.0,0.0,2578.15
12:13:07.500,0.0,0.0,0.0,0.0,2578.15
12:13:07.600,0.0,0.0,0.0,0.0,2578.15
12:13:07.700,0.0,0.0,0.0,0.0,2578.15
12:13:07.800,0.0,0.0,0.0,0.0,2578.15
12:13:07.900,0.0,0.0,0.0,0.0,2578.15
12:13:08.000,0.0,0.0,0.0,0.0,2578.15
12:13:08.100,0.0,0.0,0.0,0.0,2578.15
12:13:08.200,0.0,0.0,0.0,0.0,2578.15
12:13:08.300,0.0,0.0,0.0,0.0,2578.15
12:13:08.400,0.0,0.0,0.0,0.0,2578.15
12:13:08.500,0.0,0.0,0.0,0.0,2578.15
12:13:08.600,0.0,0.0,0.0,0.0,2578.15
12:13:08.700,0.0,0.0,0.0,0.0,2578.15
12:13:08.800,0.0,0.0,0.0,0.0,2578.15
12:13:08.900,0.0,0.0,0.0,0.0,2578.15
12:13:09.000,0.0,0.0,0.0,0.0,2578.15
12:13:09.100,0.0,0.0,0.0,0.0,2578.15
12:13:09.200,0.0,0.0,0.0,0.0,2578.15
12:13:09.300,0.0,0.0,0.0,0.0,2578.15
12:13:09.400,0.0,0.0,0.0,0.0,2578.15
12:13:09.500,0.0,0.0,0.0,0.0,2578.15
12:13:09.600,0.0,0.0,0.0,0.0,2578.15
12:13:09.700,0.0,0.0,0.0,0.0,2578.15
12:13:09.800,0.0,0.0,0.0,0.0,2578.15
12:13:09.900,0.0,0.0,0.0,0.0,2578.15
12:13:10.000,0.0,0.0,0.0,0.0,2578.15
12:13:10.100,0.0,0.0,0.0,0.0,2578.15
12:13:10.200,0.0,0.0,0.0,0.0,2578.15
12:13:10.300,0.0,0.0,0.0,0.0,2578.15
12:13:10.400,0.0,0.0,0.0,0.0,2578.15
12:13:10.500,0.0,0.0,0.0,0.0,2578.15
12:13:10.600,0.0,0.0,0.0,0.0,2578.15
12:13:10.700,0.0,0.0,0.0,0.0,2578.15
12:13:10.800,0.0,0.0,0.0,0.0,2578.15
12:13:10.900,0.0,0.0,0.0,0.0,2578.15
12:13:11.000,0.0,0.0,0.0,0.0,2578.15
12:13:11.100,0.0,0.0,0.0,0.0,2578.15
12:13:11.200,0.0,0.0,0.0,0.0,2578.15
12:13:11.300,0.0,0.0,0.0,0.0,2578.15
12:13:11.400,0.0,0.0,0.0,0.0,2578.15
12:13:11.500,0.0,0.0,0.0,0.0,2578.15
12:13:11.600,0.0,0.0,0.0,0.0,2578.15
12:13:11.700,0.0,0.0,0.0,0.0,2578.15
12:13:11.800,0.0,0.0,0.0,0.0,2578.15
12:13:11.900,0.0,0.0,0.0,0.0,2578.15
12:13:12.000,0.0,0.0,0.0,0.0,2578.15
12:13:12.100,0.0,0.0,0.0,0.0,2578.15
12:13:12.200,0.0,0.0,0.0,0.0,2578.15
12:13:12.300,0.0,0.0,0.0,0.0,2578.15
12:13:12.400,0.0,0.0,0.0,0.0,2578.15
12:13:12.500,0.0,0.0,0.0,0.0,2578.15
12:13:12.600,0.0,0.0,0.0,0.0,2578.15
12:13:12.700,0.0,0.0,0.0,0.0,2578.15
12:13:12.800,0.0,0.0,0.0,0.0,2578.15
12:13:12.900,0.0,0.0,0.0,0.0,2578.15
12:13:13.000,0.0,0.0,0.0,0.0,2578.15
12:13:13.100,0.0,0.0,0.0,0.0,2578.15
12:13:13.200,0.0,0.0,0.0,0.0,2578.15
12:13:13.300,0.0,0.0,0.0,0.0,2578.15
12:13:13.400,0.0,0.0,0.0,0.0,2578.15
12:13:13.500,0.0,0.0,0.0,0.0,2578.15
12:13:13.600,0.0,0.0,0.0,0.0,2578.15
12:13:13.700,0.0,0.0,0.0,0.0,2578.15
12:13:13.800,0.0,0.0,0.0,0.0,2578.15
12:13:13.900,0.0,0.0,0.0,0.0,2578.15
12:13:14.000,0.0,0.0,0.0,0.0,2578.15
12:13:14.100,0.0,0.0,0.0,0.0,2578.15
12:13:14.200,0.0,0.0,0.0,0.0,2578.15
12:13:14.300,0.0,0.0,0.0,0.0,2578.15
12:13:14.400,0.0,0.0,0.0,0.0,2578.15
12:13:14.500,0.0,0.0,0.0,0.0,2578.15
12:13:14.600,0.0,0.0,0.0,0.0,2578.15
12:13:14.700,0.0,0.0,0.0,0.0,2578.15
12:13:14.800,0.0,0.0,0.0,0.0,2578.15
12:13:14.900,0.0,0.0,0.0,0.0,2578.15
12:13:15.000,0.0,0.0,0.0,0.0,2578.15
12:13:15.100,0.0,0.0,0.0,0.0,2578.15
12:13:15.200,0.0,0.0,0.0,0.0,2578.15
12:13:15.300,0.0,0.0,0.0,0.0,2578.15
12:13:15.400,0.0,0.0,0.0,0.0,2578.15
12:13:15.500,0.0,0.0,0.0,0.0,2578.15
12:13:15.600,0.0,0.0,0.0,0.0,2578.15
12:13:15.700,0.0,0.0,0.0,0.0,2578.15
12:13:15.800,0.0,0.0,0.0,0.0,2578.15
12:13:15.900,0.0,0.0,0.0,0.0,2578.15
12:13:16.000,0.0,0.0,0.0,0.0,2578.15
12:13:16.100,0.0,0.0,0.0,0.0,2578.15
12:13:16.200,0.0,0.0,0.0,0.0,2578.15
12:13:16.300,0.0,0.0,0.0,0.0,2578.15
12:13:16.400,0.0,0.0,0.0,0.0,2578.15
12:13:16.500,0.0,0.0,0.0,0.0,2578.15
12:13:16.600,0.0,0.0,0.0,0.0,2578.15
12:13:16.700,0.0,0.0,0.0,0.0,2578.15
12:13:16.800,0.0,0.0,0.0,0.0,2578.15
12:13:16.900,0.0,0.0,0.0,0.0,2578.15
12:13:17.000,0.0,0.0,0.0,0.0,2578.15
12:13:17.100,0.0,0.0,0.0,0.0,2578.15
12:13:17.200,0.0,0.0,0.0,0.0,2578.15
12:13:17.300,0.0,0.0,0.0,0.0,2578.15
12:13:17.400,0.0,0.0,0.0,0.0,2578.15
12:13:17.500,0.0,0.0,0.0,0.0,2578.15
12:13:17.600,0.0,0.0,0.0,0.0,2578.15
12:13:17.700,0.0,0.0,0.0,0.0,2578.15
12:13:17.800,0.0,0.0,0.0,0.0,2578.15
12:13:17.900,0.0,0.0,0.0,0.0,2578.15
12:13:18.000,0.0,0.0,0.0,0.0,2578.15
12:13:18.100,0.0,0.0,0.0,0.0,2578.15
12:13:18.200,0.0,0.0,0.0,0.0,2578.15
12:13:18.300,0.0,0.0,0.0,0.0,2578.15
12:13:18.400,0.0,0.0,0.0,0.0,2578.15
12:13:18.500,0.0,0.0,0.0,0.0,2578.15
12:13:18.600,0.0,0.0,0.0,0.0,2578.15
12:13:18.700,0.0,0.0,0.0,0.0,2578.15
12:13:18.800,0.0,0.0,0.0,0.0,2578.15
12:13:18.900,0.0,0.0,0.0,0.0,2578.15
12:13:19.000,0.0,0.0,0.0,0.0,2578.15
12:13:19.100,0.0,0.0,0.0,0.0,2578.15
12:13:19.200,0.0,0.0,0.0,0.0,2578.15
12:13:19.300,0.0,0.0,0.0,0.0,2578.15
12:13:19.400,0.0,0.0,0.0,0.0,2578.15
12:13:19.500,0.0,0.0,0.0,0.0,2578.15
12:13:19.600,0.0,0.0,0.0,0.0,2578.15
12:13:19.700,0.0,0.0,0.0,0.0,2578.15
12:13:19.800,0.0,0.0,0.0,0.0,2578.15
12:13:19.900,0.0,0.0,0.0,0.0,2578.15
12:13:20.000,0.0,0.0,0.0,0.0,2578.15
12:13:20.100,0.0,0.0,0.0,0.0,2578.15
12:13:20.200,0.0,0.0,0.0,0.0,2578.15
12:13:20.300,0.0,0.0,0.0,0.0,2578.15
12:13:20.400,0.0,0.0,0.0,0.0,2578.15
12:13:20.500,0.0,0.0,0.0,0.0,2578.15
12:13:20.600,0.0,0.0,0.0,0.0,2578.15
12:13:20.700,0.0,0.0,0.0,0.0,2578.15
12:13:20.800,0.0,0.0,0.0,0.0,2578.15
12:13:20.900,0.0,0.0,0.0,0.0,2578.15
12:13:21.000,0.0,0.0,0.0,0.0,2578.15
12:13:21.100,0.0,0.0,0.0,0.0,2578.15
12:13:21.200,0.0,0.0,0.0,0.0,2578.15
12:13:21.300,0.0,0.0,0.0,0.0,2578.15
12:13:21.400,0.0,0.0,0.0,0.0,2578.15
12:13:21.500,0.0,0.0,0.0,0.0,2578.15
12:13:21.600,0.0,0.0,0.0,0.0,2578.15
12:13:21.700,0.0,0.0,0.0,0.0,2578.15
12:13:21.800,0.0,0.0,0.0,0.0,2578.15
12:13:21.900,0.0,0.0,0.0,0.0,2578.15
12:13:22.000,0.0,0.0,0.0,0.0,2578.15
12:13:22.100,0.0,0.0,0.0,0.0,2578.15
12:13:22.200,0.0,0.0,0.0,0.0,2578.15
12:13:22.300,0.0,0.0,0.0,0.0,2578.15
12:13:22.400,0.0,0.0,0.0,0.0,2578.15
12:13:22.500,0.0,0.0,0.0,0.0,2578.15
12:13:22.600,0.0,0.0,0.0,0.0,2578.15
12:13:22.700,0.0,0.0,0.0,0.0,2578.15
12:13:22.800,0.0,0.0,0.0,0.0,2578.15
12:13:22.900,0.0,0.0,0.0,0.0,2578.15
12:13:23.000,0.0,0.0,0.0,0.0,2578.15
12:13:23.100,0.0,0.0,0.0,0.0,2578.15
12:13:23.200,0.0,0.0,0.0,0.0,2578.15
12:13:23.300,0.0,0.0,0.0,0.0,2578.15
12:13:23.400,0.0,0.0,0.0,0.0,2578.15
12:13:23.500,0.0,0.0,0.0,0.0,2578.15
12:13:23.600,0.0,0.0,0.0,0.0,2578.15
12:13:23.700,0.0,0.0,0.0,0.0,2578.15
12:13:23.800,0.0,0.0,0.0,0.0,2578.15
12:13:23.900,0.0,0.0,0.0,0.0,2578.15
12:13:24.000,0.0,0.0,0.0,0.0,2578.15
12:13:24.100,0.0,0.0,0.0,0.0,2578.15
12:13:24.200,0.0,0.0,0.0,0.0,2578.15
12:13:24.300,0.0,0.0,0.0,0.0,2578.15
12:13:24.400,0.0,0.0,0.0,0.0,2578.15
12:13:24.500,0.0,0.0,0.0,0.0,2578.15
12:13:24.600,0.0,0.0,0.0,0.0,2578.15
12:13:24.700,0.0,0.0,0.0,0.0,2578.15
12:13:24.800,0.0,0.0,0.0,0.0,2578.15
12:13:24.900,0.0,0.0,0.0,0.0,2578.15
12:13:25.000,0.0,0.0,0.0,0.0,2578.15
12:13:25.100,0.0,0.0,0.0,0.0,2578.15
12:13:25.200,0.0,0.0,0.0,0.0,2578.15
12:13:25.300,0.0,0.0,0.0,0.0,2578.15
12:13:25.400,0.0,0.0,0.0,0.0,2578.15
12:13:25.500,0.0,0.0,0.0,0.0,2578.15
12:13:25.600,0.0,0.0,0.0,0.0,2578.15
12:13:25.700,0.0,0.0,0.0,0.0,2578.15
12:13:25.800,0.0,0.0,0.0,0.0,2578.15
12:13:25.900,0.0,0.0,0.0,0.0,2578.15
12:13:26.000,0.0,0.0,0.0,0.0,2578.15
12:13:26.100,0.0,0.0,0.0,0.0,2578.15
12:13:26.200,0.0,0.0,0.0,0.0,2578.15
12:13:26.300,0.0,0.0,0.0,0.0,2578.15
12:13:26.400,0.0,0.0,0.0,0.0,2578.15
12:13:26.500,0.0,0.0,0.0,0.0,2578.15
12:13:26.600,0.0,0.0,0.0,0.0,2578.15
12:13:26.700,0.0,0.0,0.0,0.0,2578.15
12:13:26.800,0.0,0.0,0.0,0.0,2578.15
12:13:26.900,0.0,0.0,0.0,0.0,2578.15
12:13:27.000,0.0,0.0,0.0,0.0,2578.15
12:13:27.100,0.0,0.0,0.0,0.0,2578.15
12:13:27.200,0.0,0.0,0.0,0.0,2578.15
12:13:27.300,0.0,0.0,0.0,0.0,2578.15
12:13:27.400,0.0,0.0,0.0,0.0,2578.15
12:13:27.500,0.0,0.0,0.0,0.0,2578.15
12:13:27.600,0.0,0.0,0.0,0.0,2578.15
12:13:27.700,0.0,0.0,0.0,0.0,2578.15
12:13:27.800,0.0,0.0,0.0,0.0,2578.15
12:13:27.900,0.0,0.0,0.0,0.0,2578.15
12:13:28.000,0.0,0.0,0.0,0.0,2578.15
12:13:28.100,0.0,0.0,0.0,0.0,2578.15
12:13:28.200,0.0,0.0,0.0,0.0,2578.15
12:13:28.300,0.0,0.0,0.0,0.0,2578.15
12:13:28.400,0.0,0.0,0.0,0.0,2578.15
12:13:28.500,0.0,0.0,0.0,0.0,2578.15
12:13:28.600,0.0,0.0,0.0,0.0,2578.15
12:13:28.700,0.0,0.0,0.0,0.0,2578.15
12:13:28.800,0.0,0.0,0.0,0.0,2578.15
12:13:28.900,0.0,0.0,0.0,0.0,2578.15
12:13:29.000,0.0,0.0,0.0,0.0,2578.15
12:13:29.100,0.0,0.0,0.0,0.0,2578.15
12:13:29.200,0.0,0.0,0.0,0.0,2578.15
12:13:29.300,0.0,0.0,0.0,0.0,2578.15
12:13:29.400,0.0,0.0,0.0,0.0,2578.15
12:13:29.500,0.0,0.0,0.0,0.0,2578.15
12:13:29.600,0.0,0.0,0.0,0.0,2578.15
12:13:29.700,0.0,0.0,0.0,0.0,2578.15
12:13:29.800,0.0,0.0,0.0,0.0,2578.15
12:13:29.900,0.0,0.0,0.0,0.0,2578.15
12:13:30.000,0.0,0.0,0.0,0.0,2578.15
12:13:30.100,0.0,0.0,0.0,0.0,2578.15
12:13:30.200,0.0,0.0,0.0,0.0,2578.15
12:13:30.300,0.0,0.0,0.0,0.0,2578.15
12:13:30.400,0.0,0.0,0.0,0.0,2578.15
12:13:30.500,0.0,0.0,0.0,0.0,2578.15
12:13:30.600,0.0,0.0,0.0,0.0,2578.15
12:13:30.700,0.0,0.0,0.0,0.0,2578.15
12:13:30.800,0.0,0.0,0.0,0.0,2578.15
12:13:30.900,0.0,0.0,0.0,0.0,2578.15
12:13:31.000,0.0,0.0,0.0,0.0,2578.15
12:13:31.100,0.0,0.0,0.0,0.0,2578.15
12:13:31.200,0.0,0.0,0.0,0.0,2578.15
12:13:31.300,0.0,0.0,0.0,0.0,2578.15
12:13:31.400,0.0,0.0,0.0,0.0,2578.15
12:13:31.500,0.0,0.0,0.0,0.0,2578.15
12:13:31.600,0.0,0.0,0.0,0.0,2578.15
12:13:31.700,0.0,0.0,0.0,0.0,2578.15
12:13:31.800,0.0,0.0,0.0,0.0,2578.15
12:13:31.900,0.0,0.0,0.0,0.0,2578.15
12:13:32.000,0.0,0.0,0.0,0.0,2578.15
12:13:32.100,0.0,0.0,0.0,0.0,2578.15
12:13:32.200,0.0,0.0,0.0,0.0,2578.15
12:13:32.300,0.0,0.0,0.0,0.0,2578.15
12:13:32.400,0.0,0.0,0.0,0.0,2578.15
12:13:32.500,0.0,0.0,0.0,0.0,2578.15
12:13:32.600,0.0,0.0,0.0,0.0,2578.15
12:13:32.700,0.0,0.0,0.0,0.0,2578.15
12:13:32.800,0.0,0.0,0.0,0.0,2578.15
12:13:32.900,0.0,0.0,0.0,0.0,2578.15
12:13:33.000,0.0,0.0,0.0,0.0,2578.15
12:13:33.100,0.0,0.0,0.0,0.0,2578.15
12:13:33.200,0.0,0.0,0.0,0.0,2578.15
12:13:33.300,0.0,0.0,0.0,0.0,2578.15
12:13:33.400,0.0,0.0,0.0,0.0,2578.15
12:13:33.500,0.0,0.0,0.0,0.0,2578.15
12:13:33.600,0.0,0.0,0.0,0.0,2578.15
12:13:33.700,0.0,0.0,0.0,0.0,2578.15
12:13:33.800,0.0,0.0,0.0,0.0,2578.15
12:13:33.900,0.0,0.0,0.0,0.0,2578.15
12:13:34.000,0.0,0.0,0.0,0.0,2578.15
12:13:34.100,0.0,0.0,0.0,0.0,2578.15
12:13:34.200,0.0,0.0,0.0,0.0,2578.15
12:13:34.300,0.0,0.0,0.0,0.0,2578.15
12:13:34.400,0.0,0.0,0.0,0.0,2578.15
12:13:34.500,0.0,0.0,0.0,0.0,2578.15
12:13:34.600,0.0,0.0,0.0,0.0,2578.15
12:13:34.700,0.0,0.0,0.0,0.0,2578.15
12:13:34.800,0.0,0.0,0.0,0.0,2578.15
12:13:34.900,0.0,0.0,0.0,0.0,2578.15
12:13:35.000,0.0,0.0,0.0,0.0,2578.15
12:13:35.100,0.0,0.0,0.0,0.0,2578.15
12:13:35.200,0.0,0.0,0.0,0.0,2578.15
12:13:35.300,0.0,0.0,0.0,0.0,2578.15
12:13:35.400,0.0,0.0,0.0,0.0,2578.15
12:13:35.500,0.0,0.0,0.0,0.0,2578.15
12:13:35.600,0.0,0.0,0.0,0.0,2578.15
12:13:35.700,0.0,0.0,0.0,0.0,2578.15
12:13:35.800,0.0,0.0,0.0,0.0,2578.15
12:13:35.900,0.0,0.0,0.0,0.0,2578.15
12:13:36.000,0.0,0.0,0.0,0.0,2578.15
12:13:36.100,0.0,0.0,0.0,0.0,2578.15
12:13:36.200,0.0,0.0,0.0,0.0,2578.15
12:13:36.300,0.0,0.0,0.0,0.0,2578.15
12:13:36.400,0.0,0.0,0.0,0.0,2578.15
12:13:36.500,0.0,0.0,0.0,0.0,2578.15
12:13:36.600,0.0,0.0,0.0,0.0,2578.15
12:13:36.700,0.0,0.0,0.0,0.0,2578.15
12:13:36.800,0.0,0.0,0.0,0.0,2578.15
12:13:36.900,0.0,0.0,0.0,0.0,2578.15
12:13:37.000,0.0,0.0,0.0,0.0,2578.15
12:13:37.100,0.0,0.0,0.0,0.0,2578.15
12:13:37.200,0.0,0.0,0.0,0.0,2578.15
12:13:37.300,0.0,0.0,0.0,0.0,2578.15
12:13:37.400,0.0,0.0,0.0,0.0,2578.15
12:13:37.500,0.0,0.0,0.0,0.0,2578.15
12:13:37.600,0.0,0.0,0.0,0.0,2578.15
12:13:37.700,0.0,0.0,0.0,0.0,2578.15
12:13:37.800,0.0,0.0,0.0,0.0,2578.15
12:13:37.900,0.0,0.0,0.0,0.0,2578.15
12:13:38.000,0.0,0.0,0.0,0.0,2578.15
12:13:38.100,0.0,0.0,0.0,0.0,2578.15
12:13:38.200,0.0,0.0,0.0,0.0,2578.15
12:13:38.300,0.0,0.0,0.0,0.0,2578.15
12:13:38.400,0.0,0.0,0.0,0.0,2578.15
12:13:38.500,0.0,0.0,0.0,0.0,2578.15
12:13:38.600,0.0,0.0,0.0,0.0,2578.15
12:13:38.700,0.0,0.0,0.0,0.0,2578.15
12:13:38.800,0.0,0.0,0.0,0.0,2578.15
12:13:38.900,0.0,0.0,0.0,0.0,2578.15
12:13:39.000,0.0,0.0,0.0,0.0,2578.15
12:13:39.100,0.0,0.0,0.0,0.0,2578.15
12:13:39.200,0.0,0.0,0.0,0.0,2578.15
12:13:39.300,0.0,0.0,0.0,0.0,2578.15
12:13:39.400,0.0,0.0,0.0,0.0,2578.15
12:13:39.500,0.0,0.0,0.0,0.0,2578.15
12:13:39.600,0.0,0.0,0.0,0.0,2578.15
12:13:39.700,0.0,0.0,0.0,0.0,2578.15
12:13:39.800,0.0,0.0,0.0,0.0,2578.15
12:13:39.900,0.0,0.0,0.0,0.0,2578.15
12:13:40.000,0.0,0.0,0.0,0.0,2578.15
12:13:40.100,0.0,0.0,0.0,0.0,2578.15
12:13:40.200,0.0,0.0,0.0,0.0,2578.15
12:13:40.300,0.0,0.0,0.0,0.0,2578.15
12:13:40.400,0.0,0.0,0.0,0.0,2578.15
12:13:40.500,0.0,0.0,0.0,0.0,2578.15
12:13:40.600,0.0,0.0,0.0,0.0,2578.15
12:13:40.700,0.0,0.0,0.0,0.0,2578.15
12:13:40.800,0.0,0.0,0.0,0.0,2578.15
12:13:40.900,0.0,0.0,0.0,0.0,2578.15
12:13:41.000,0.0,0.0,0.0,0.0,2578.15
12:13:41.100,0.0,0.0,0.0,0.0,2578.15
12:13:41.200,0.0,0.0,0.0,0.0,2578.15
12:13:41.300,0.0,0.0,0.0,0.0,2578.15
12:13:41.400,0.0,0.0,0.0,0.0,2578.15
12:13:41.500,0.0,0.0,0.0,0.0,2578.15
12:13:41.600,0.0,0.0,0.0,0.0,2578.15
12:13:41.700,0.0,0.0,0.0,0.0,2578.15
12:13:41.800,0.0,0.0,0.0,0.0,2578.15
12:13:41.900,0.0,0.0,0.0,0.0,2578.15
12:13:42.000,0.0,0.0,0.0,0.0,2578.15
12:13:42.100,0.0,0.0,0.0,0.0,2578.15
12:13:42.200,0.0,0.0,0.0,0.0,2578.15
12:13:42.300,0.0,0.0,0.0,0.0,2578.15
12:13:42.400,0.0,0.0,0.0,0.0,2578.15
12:13:42.500,0.0,0.0,0.0,0.0,2578.15
12:13:42.600,0.0,0.0,0.0,0.0,2578.15
12:13:42.700,0.0,0.0,0.0,0.0,2578.15
12:13:42.800,0.0,0.0,0.0,0.0,2578.15
12:13:42.900,0.0,0.0,0.0,0.0,2578.15
12:13:43.000,0.0,0.0,0.0,0.0,2578.15
12:13:43.100,0.0,0.0,0.0,0.0,2578.15
12:13:43.200,0.0,0.0,0.0,0.0,2578.15
12:13:43.300,0.0,0.0,0.0,0.0,2578.15
12:13:43.400,0.0,0.0,0.0,0.0,2578.15
12:13:43.500,0.0,0.0,0.0,0.0,2578.15
12:13:43.600,0.0,0.0,0.0,0.0,2578.15
12:13:43.700,0.0,0.0,0.0,0.0,2578.15
12:13:43.800,0.0,0.0,0.0,0.0,2578.15
12:13:43.900,0.0,0.0,0.0,0.0,2578.15
12:13:44.000,0.0,0.0,0.0,0.0,2578.15
12:13:44.100,0.0,0.0,0.0,0.0,2578.15
12:13:44.200,0.0,0.0,0.0,0.0,2578.15
12:13:44.300,0.0,0.0,0.0,0.0,2578.15
12:13:44.400,0.0,0.0,0.0,0.0,2578.15
12:13:44.500,0.0,0.0,0.0,0.0,2578.15
12:13:44.600,0.0,0.0,0.0,0.0,2578.15
12:13:44.700,0.0,0.0,0.0,0.0,2578.15
12:13:44.800,0.0,0.0,0.0,0.0,2578.15
12:13:44.900,0.0,0.0,0.0,0.0,2578.15
12:13:45.000,0.0,0.0,0.0,0.0,2578.15
12:13:45.100,0.0,0.0,0.0,0.0,2578.15
12:13:45.200,0.0,0.0,0.0,0.0,2578.15
12:13:45.300,0.0,0.0,0.0,0.0,2578.15
12:13:45.400,0.0,0.0,0.0,0.0,2578.15
12:13:45.500,0.0,0.0,0.0,0.0,2578.15
12:13:45.600,0.0,0.0,0.0,0.0,2578.15
12:13:45.700,0.0,0.0,0.0,0.0,2578.15
12:13:45.800,0.0,0.0,0.0,0.0,2578.15
12:13:45.900,0.0,0.0,0.0,0.0,2578.15
12:13:46.000,0.0,0.0,0.0,0.0,2578.15
12:13:46.100,0.0,0.0,0.0,0.0,2578.15
12:13:46.200,0.0,0.0,0.0,0.0,2578.15
12:13:46.300,0.0,0.0,0.0,0.0,2578.15
12:13:46.400,0.0,0.0,0.0,0.0,2578.15
12:13:46.500,0.0,0.0,0.0,0.0,2578.15
12:13:46.600,0.0,0.0,0.0,0.0,2578.15
12:13:46.700,0.0,0.0,0.0,0.0,2578.15
12:13:46.800,0.0,0.0,0.0,0.0,2578.15
12:13:46.900,0.0,0.0,0.0,0.0,2578.15
12:13:47.000,0.0,0.0,0.0,0.0,2578.15
12:13:47.100,0.0,0.0,0.0,0.0,2578.15
12:13:47.200,0.0,0.0,0.0,0.0,2578.15
12:13:47.300,0.0,0.0,0.0,0.0,2578.15
12:13:47.400,0.0,0.0,0.0,0.0,2578.15
12:13:47.500,0.0,0.0,0.0,0.0,2578.15
12:13:47.600,0.0,0.0,0.0,0.0,2578.15
12:13:47.700,0.0,0.0,0.0,0.0,2578.15
12:13:47.800,0.0,0.0,0.0,0.0,2578.15
12:13:47.900,0.0,0.0,0.0,0.0,2578.15
12:13:48.000,0.0,0.0,0.0,0.0,2578.15
12:13:48.100,0.0,0.0,0.0,0.0,2578.15
12:13:48.200,0.0,0.0,0.0,0.0,2578.15
12:13:48.300,0.0,0.0,0.0,0.0,2578.15
12:13:48.400,0.0,0.0,0.0,0.0,2578.15
12:13:48.500,0.0,0.0,0.0,0.0,2578.15
12:13:48.600,0.0,0.0,0.0,0.0,2578.15
12:13:48.700,0.0,0.0,0.0,0.0,2578.15
12:13:48.800,0.0,0.0,0.0,0.0,2578.15
12:13:48.900,0.0,0.0,0.0,0.0,2578.15
12:13:49.000,0.0,0.0,0.0,0.0,2578.15
12:13:49.100,0.0,0.0,0.0,0.0,2578.15
12:13:49.200,0.0,0.0,0.0,0.0,2578.15
12:13:49.300,0.0,0.0,0.0,0.0,2578.15
12:13:49.400,0.0,0.0,0.0,0.0,2578.15
12:13:49.500,0.0,0.0,0.0,0.0,2578.15
12:13:49.600,0.0,0.0,0.0,0.0,2578.15
12:13:49.700,0.0,0.0,0.0,0.0,2578.15
12:13:49.800,0.0,0.0,0.0,0.0,2578.15
12:13:49.900,0.0,0.0,0.0,0.0,2578.15
12:13:50.000,0.0,0.0,0.0,0.0,2578.15
12:13:50.100,0.0,0.0,0.0,0.0,2578.15
12:13:50.200,0.0,0.0,0.0,0.0,2578.15
12:13:50.300,0.0,0.0,0.0,0.0,2578.15
12:13:50.400,0.0,0.0,0.0,0.0,2578.15
12:13:50.500,0.0,0.0,0.0,0.0,2578.15
12:13:50.600,0.0,0.0,0.0,0.0,2578.15
12:13:50.700,0.0,0.0,0.0,0.0,2578.15
12:13:50.800,0.0,0.0,0.0,0.0,2578.15
12:13:50.900,0.0,0.0,0.0,0.0,2578.15
12:13:51.000,0.0,0.0,0.0,0.0,2578.15
12:13:51.100,0.0,0.0,0.0,0.0,2578.15
12:13:51.200,0.0,0.0,0.0,0.0,2578.15
12:13:51.300,0.0,0.0,0.0,0.0,2578.15
12:13:51.400,0.0,0.0,0.0,0.0,2578.15
12:13:51.500,0.0,0.0,0.0,0.0,2578.15
12:13:51.600,0.0,0.0,0.0,0.0,2578.15
12:13:51.700,0.0,0.0,0.0,0.0,2578.15
12:13:51.800,0.0,0.0,0.0,0.0,2578.15
12:13:51.900,0.0,0.0,0.0,0.0,2578.15
12:13:52.000,0.0,0.0,0.0,0.0,2578.15
12:13:52.100,0.0,0.0,0.0,0.0,2578.15
12:13:52.200,0.0,0.0,0.0,0.0,2578.15
12:13:52.300,0.0,0.0,0.0,0.0,2578.15
12:13:52.400,0.0,0.0,0.0,0.0,2578.15
12:13:52.500,0.0,0.0,0.0,0.0,2578.15
12:13:52.600,0.0,0.0,0.0,0.0,2578.15
12:13:52.700,0.0,0.0,0.0,0.0,2578.15
12:13:52.800,0.0,0.0,0.0,0.0,2578.15
12:13:52.900,0.0,0.0,0.0,0.0,2578.15
12:13:53.000,0.0,0.0,0.0,0.0,2578.15
12:13:53.100,0.0,0.0,0.0,0.0,2578.15
12:13:53.200,0.0,0.0,0.0,0.0,2578.15
12:13:53.300,0.0,0.0,0.0,0.0,2578.15
12:13:53.400,0.0,0.0,0.0,0.0,2578.15
12:13:53.500,0.0,0.0,0.0,0.0,2578.15
12:13:53.600,0.0,0.0,0.0,0.0,2578.15
12:13:53.700,0.0,0.0,0.0,0.0,2578.15
12:13:53.800,0.0,0.0,0.0,0.0,2578.15
12:13:53.900,0.0,0.0,0.0,0.0,2578.15
12:13:54.000,0.0,0.0,0.0,0.0,2578.15
12:13:54.100,0.0,0.0,0.0,0.0,2578.15
12:13:54.200,0.0,0.0,0.0,0.0,2578.15
12:13:54.300,0.0,0.0,0.0,0.0,2578.15
12:13:54.400,0.0,0.0,0.0,0.0,2578.15
12:13:54.500,0.0,0.0,0.0,0.0,2578.15
12:13:54.600,0.0,0.0,0.0,0.0,2578.15
12:13:54.700,0.0,0.0,0.0,0.0,2578.15
12:13:54.800,0.0,0.0,0.0,0.0,2578.15
12:13:54.900,0.0,0.0,0.0,0.0,2578.15
12:13:55.000,0.0,0.0,0.0,0.0,2578.15
12:13:55.100,0.0,0.0,0.0,0.0,2578.15
12:13:55.200,0.0,0.0,0.0,0.0,2578.15
12:13:55.300,0.0,0.0,0.0,0.0,2578.15
12:13:55.400,0.0,0.0,0.0,0.0,2578.15
12:13:55.500,0.0,0.0,0.0,0.0,2578.15
12:13:55.600,0.0,0.0,0.0,0.0,2578.15
12:13:55.700,0.0,0.0,0.0,0.0,2578.15
12:13:55.800,0.0,0.0,0.0,0.0,2578.15
12:13:55.900,0.0,0.0,0.0,0.0,2578.15
12:13:56.000,0.0,0.0,0.0,0.0,2578.15
12:13:56.100,0.0,0.0,0.0,0.0,2578.15
12:13:56.200,0.0,0.0,0.0,0.0,2578.15
12:13:56.300,0.0,0.0,0.0,0.0,2578.15
12:13:56.400,0.0,0.0,0.0,0.0,2578.15
12:13:56.500,0.0,0.0,0.0,0.0,2578.15
12:13:56.600,0.0,0.0,0.0,0.0,2578.15
12:13:56.700,0.0,0.0,0.0,0.0,2578.15
12:13:56.800,0.0,0.0,0.0,0.0,2578.15
12:13:56.900,0.0,0.0,0.0,0.0,2578.15
12:13:57.000,0.0,0.0,0.0,0.0,2578.15
12:13:57.100,0.0,0.0,0.0,0.0,2578.15
12:13:57.200,0.0,0.0,0.0,0.0,2578.15
12:13:57.300,0.0,0.0,0.0,0.0,2578.15
12:13:57.400,0.0,0.0,0.0,0.0,2578.15
12:13:57.500,0.0,0.0,0.0,0.0,2578.15
12:13:57.600,0.0,0.0,0.0,0.0,2578.15
12:13:57.700,0.0,0.0,0.0,0.0,2578.15
12:13:57.800,0.0,0.0,0.0,0.0,2578.15
12:13:57.900,0.0,0.0,0.0,0.0,2578.15
12:13:58.000,0.0,0.0,0.0,0.0,2578.15
12:13:58.100,0.0,0.0,0.0,0.0,2578.15
12:13:58.200,0.0,0.0,0.0,0.0,2578.15
12:13:58.300,0.0,0.0,0.0,0.0,2578.15
12:13:58.400,0.0,0.0,0.0,0.0,2578.15
12:13:58.500,0.0,0.0,0.0,0.0,2578.15
12:13:58.600,0.0,0.0,0.0,0.0,2578.15
12:13:58.700,0.0,0.0,0.0,0.0,2578.15
12:13:58.800,0.0,0.0,0.0,0.0,2578.15
12:13:58.900,0.0,0.0,0.0,0.0,2578.15
12:13:59.000,0.0,0.0,0.0,0.0,2578.15
12:13:59.100,0.0,0.0,0.0,0.0,2578.15
12:13:59.200,0.0,0.0,0.0,0.0,2578.15
12:13:59.300,0.0,0.0,0.0,0.0,2578.15
12:13:59.400,0.0,0.0,0.0,0.0,2578.15
12:13:59.500,0.0,0.0,0.0,0.0,2578.15
12:13:59.600,0.0,0.0,0.0,0.0,2578.15
12:13:59.700,0.0,0.0,0.0,0.0,2578.15
12:13:59.800,0.0,0.0,0.0,0.0,2578.15
12:13:59.900,0.0,0.0,0.0,0.0,2578.15
12:14:00.000,0.0,0.0,0.0,0.0,2578.15
12:14:00.100,0.0,0.0,0.0,0.0,2578.15
12:14:00.200,0.0,0.0,0.0,0.0,2578.15
12:14:00.300,0.0,0.0,0.0,0.0,2578.15
12:14:00.400,0.0,0.0,0.0,0.0,2578.15
12:14:00.500,0.0,0.0,0.0,0.0,2578.15
12:14:00.600,0.0,0.0,0.0,0.0,2578.15
12:14:00.700,0.0,0.0,0.0,0.0,2578.15
12:14:00.800,0.0,0.0,0.0,0.0,2578.15
12:14:00.900,0.0,0.0,0.0,0.0,2578.15
12:14:01.000,0.0,0.0,0.0,0.0,2578.15
12:14:01.100,0.0,0.0,0.0,0.0,2578.15
12:14:01.200,0.0,0.0,0.0,0.0,2578.15
12:14:01.300,0.0,0.0,0.0,0.0,2578.15
12:14:01.400,0.0,0.0,0.0,0.0,2578.15
12:14:01.500,0.0,0.0,0.0,0.0,2578.15
12:14:01.600,0.0,0.0,0.0,0.0,2578.15
12:14:01.700,0.0,0.0,0.0,0.0,2578.15
12:14:01.800,0.0,0.0,0.0,0.0,2578.15
12:14:01.900,0.0,0.0,0.0,0.0,2578.15
12:14:02.000,0.0,0.0,0.0,0.0,2578.15
12:14:02.100,0.0,0.0,0.0,0.0,2578.15
12:14:02.200,0.0,0.0,0.0,0.0,2578.15
12:14:02.300,0.0,0.0,0.0,0.0,2578.15
12:14:02.400,0.0,0.0,0.0,0.0,2578.15
12:14:02.500,0.0,0.0,0.0,0.0,2578.15
12:14:02.600,0.0,0.0,0.0,0.0,2578.15
12:14:02.700,0.0,0.0,0.0,0.0,2578.15
12:14:02.800,0.0,0.0,0.0,0.0,2578.15
12:14:02.900,0.0,0.0,0.0,0.0,2578.15
12:14:03.000,0.0,0.0,0.0,0.0,2578.15
12:14:03.100,0.0,0.0,0.0,0.0,2578.15
12:14:03.200,0.0,0.0,0.0,0.0,2578.15
12:14:03.300,0.0,0.0,0.0,0.0,2578.15
12:14:03.400,0.0,0.0,0.0,0.0,2578.15
12:14:03.500,0.0,0.0,0.0,0.0,2578.15
12:14:03.600,0.0,0.0,0.0,0.0,2578.15
12:14:03.700,0.0,0.0,0.0,0.0,2578.15
12:14:03.800,0.0,0.0,0.0,0.0,2578.15
12:14:03.900,0.0,0.0,0.0,0.0,2578.15
12:14:04.000,0.0,0.0,0.0,0.0,2578.15
12:14:04.100,0.0,0.0,0.0,0.0,2578.15
12:14:04.200,0.0,0.0,0.0,0.0,2578.15
12:14:04.300,0.0,0.0,0.0,0.0,2578.15
12:14:04.400,0.0,0.0,0.0,0.0,2578.15
12:14:04.500,0.0,0.0,0.0,0.0,2578.15
12:14:04.600,0.0,0.0,0.0,0.0,2578.15
12:14:04.700,0.0,0.0,0.0,0.0,2578.15
12:14:04.800,0.0,0.0,0.0,0.0,2578.15
12:14:04.900,0.0,0.0,0.0,0.0,2578.15
12:14:05.000,0.0,0.0,0.0,0.0,2578.15
12:14:05.100,0.0,0.0,0.0,0.0,2578.15
12:14:05.200,0.0,0.0,0.0,0.0,2578.15
12:14:05.300,0.0,0.0,0.0,0.0,2578.15
12:14:05.400,0.0,0.0,0.0,0.0,2578.15
12:14:05.500,0.0,0.0,0.0,0.0,2578.15
12:14:05.600,0.0,0.0,0.0,0.0,2578.15
12:14:05.700,0.0,0.0,0.0,0.0,2578.15
12:14:05.800,0.0,0.0,0.0,0.0,2578.15
12:14:05.900,0.0,0.0,0.0,0.0,2578.15
12:14:06.000,0.0,0.0,0.0,0.0,2578.15
12:14:06.100,0.0,0.0,0.0,0.0,2578.15
12:14:06.200,0.0,0.0,0.0,0.0,2578.15
12:14:06.300,0.0,0.0,0.0,0.0,2578.15
12:14:06.400,0.0,0.0,0.0,0.0,2578.15
12:14:06.500,0.0,0.0,0.0,0.0,2578.15
12:14:06.600,0.0,0.0,0.0,0.0,2578.15
12:14:06.700,0.0,0.0,0.0,0.0,2578.15
12:14:06.800,0.0,0.0,0.0,0.0,2578.15
12:14:06.900,0.0,0.0,0.0,0.0,2578.15
12:14:07.000,0.0,0.0,0.0,0.0,2578.15
12:14:07.100,0.0,0.0,0.0,0.0,2578.15
12:14:07.200,0.0,0.0,0.0,0.0,2578.15
12:14:07.300,0.0,0.0,0.0,0.0,2578.15
12:14:07.400,0.0,0.0,0.0,0.0,2578.15
12:14:07.500,0.0,0.0,0.0,0.0,2578.15
12:14:07.600,0.0,0.0,0.0,0.0,2578.15
12:14:07.700,0.0,0.0,0.0,0.0,2578.15
12:14:07.800,0.0,0.0,0.0,0.0,2578.15
12:14:07.900,0.0,0.0,0.0,0.0,2578.15
12:14:08.000,0.0,0.0,0.0,0.0,2578.15
12:14:08.100,0.0,0.0,0.0,0.0,2578.15
12:14:08.200,0.0,0.0,0.0,0.0,2578.15
12:14:08.300,0.0,0.0,0.0,0.0,2578.15
12:14:08.400,0.0,0.0,0.0,0.0,2578.15
12:14:08.500,0.0,0.0,0.0,0.0,2578.15
12:14:08.600,0.0,0.0,0.0,0.0,2578.15
12:14:08.700,0.0,0.0,0.0,0.0,2578.15
12:14:08.800,0.0,0.0,0.0,0.0,2578.15
12:14:08.900,0.0,0.0,0.0,0.0,2578.15
12:14:09.000,0.0,0.0,0.0,0.0,2578.15
12:14:09.100,0.0,0.0,0.0,0.0,2578.15
12:14:09.200,0.0,0.0,0.0,0.0,2578.15
12:14:09.300,0.0,0.0,0.0,0.0,2578.15
12:14:09.400,0.0,0.0,0.0,0.0,2578.15
12:14:09.500,0.0,0.0,0.0,0.0,2578.15
12:14:09.600,0.0,0.0,0.0,0.0,2578.15
12:14:09.700,0.0,0.0,0.0,0.0,2578.15
12:14:09.800,0.0,0.0,0.0,0.0,2578.15
12:14:09.900,0.0,0.0,0.0,0.0,2578.15
12:14:10.000,0.0,0.0,0.0,0.0,2578.15
12:14:10.100,0.0,0.0,0.0,0.0,2578.15
12:14:10.200,0.0,0.0,0.0,0.0,2578.15
12:14:10.300,0.0,0.0,0.0,0.0,2578.15
12:14:10.400,0.0,0.0,0.0,0.0,2578.15
12:14:10.500,0.0,0.0,0.0,0.0,2578.15
12:14:10.600,0.0,0.0,0.0,0.0,2578.15
12:14:10.700,0.0,0.0,0.0,0.0,2578.15
12:14:10.800,0.0,0.0,0.0,0.0,2578.15
12:14:10.900,0.0,0.0,0.0,0.0,2578.15
12:14:11.000,0.0,0.0,0.0,0.0,2578.15
12:14:11.100,0.0,0.0,0.0,0.0,2578.15
12:14:11.200,0.0,0.0,0.0,0.0,2578.15
12:14:11.300,0.0,0.0,0.0,0.0,2578.15
12:14:11.400,0.0,0.0,0.0,0.0,2578.15
12:14:11.500,0.0,0.0,0.0,0.0,2578.15
12:14:11.600,0.0,0.0,0.0,0.0,2578.15
12:14:11.700,0.0,0.0,0.0,0.0,2578.15
12:14:11.800,0.0,0.0,0.0,0.0,2578.15
12:14:11.900,0.0,0.0,0.0,0.0,2578.15
12:14:12.000,0.0,0.0,0.0,0.0,2578.15
12:14:12.100,0.0,0.0,0.0,0.0,2578.15
12:14:12.200,0.0,0.0,0.0,0.0,2578.15
12:14:12.300,0.0,0.0,0.0,0.0,2578.15
12:14:12.400,0.0,0.0,0.0,0.0,2578.15
12:14:12.500,0.0,0.0,0.0,0.0,2578.15
12:14:12.600,0.0,0.0,0.0,0.0,2578.15
12:14:12.700,0.0,0.0,0.0,0.0,2578.15
12:14:12.800,0.0,0.0,0.0,0.0,2578.15
12:14:12.900,0.0,0.0,0.0,0.0,2578.15
12:14:13.000,0.0,0.0,0.0,0.0,2578.15
12:14:13.100,0.0,0.0,0.0,0.0,2578.15
12:14:13.200,0.0,0.0,0.0,0.0,2578.15
12:14:13.300,0.0,0.0,0.0,0.0,2578.15
12:14:13.400,0.0,0.0,0.0,0.0,2578.15
12:14:13.500,0.0,0.0,0.0,0.0,2578.15
12:14:13.600,0.0,0.0,0.0,0.0,2578.15
12:14:13.700,0.0,0.0,0.0,0.0,2578.15
12:14:13.800,0.0,0.0,0.0,0.0,2578.15
12:14:13.900,0.0,0.0,0.0,0.0,2578.15
12:14:14.000,0.0,0.0,0.0,0.0,2578.15
12:14:14.100,0.0,0.0,0.0,0.0,2578.15
12:14:14.200,0.0,0.0,0.0,0.0,2578.15
12:14:14.300,0.0,0.0,0.0,0.0,2578.15
12:14:14.400,0.0,0.0,0.0,0.0,2578.15
12:14:14.500,0.0,0.0,0.0,0.0,2578.15
12:14:14.600,0.0,0.0,0.0,0.0,2578.15
12:14:14.700,0.0,0.0,0.0,0.0,2578.15
12:14:14.800,0.0,0.0,0.0,0.0,2578.15
12:14:14.900,0.0,0.0,0.0,0.0,2578.15
12:14:15.000,0.0,0.0,0.0,0.0,2578.15
12:14:15.100,0.0,0.0,0.0,0.0,2578.15
12:14:15.200,0.0,0.0,0.0,0.0,2578.15
12:14:15.300,0.0,0.0,0.0,0.0,2578.15
12:14:15.400,0.0,0.0,0.0,0.0,2578.15
12:14:15.500,0.0,0.0,0.0,0.0,2578.15
12:14:15.600,0.0,0.0,0.0,0.0,2578.15
12:14:15.700,0.0,0.0,0.0,0.0,2578.15
12:14:15.800,0.0,0.0,0.0,0.0,2578.15
12:14:15.900,0.0,0.0,0.0,0.0,2578.15
12:14:16.000,0.0,0.0,0.0,0.0,2578.15
12:14:16.100,0.0,0.0,0.0,0.0,2578.15
12:14:16.200,0.0,0.0,0.0,0.0,2578.15
12:14:16.300,0.0,0.0,0.0,0.0,2578.15
12:14:16.400,0.0,0.0,0.0,0.0,2578.15
12:14:16.500,0.0,0.0,0.0,0.0,2578.15
12:14:16.600,0.0,0.0,0.0,0.0,2578.15
12:14:16.700,0.0,0.0,0.0,0.0,2578.15
12:14:16.800,0.0,0.0,0.0,0.0,2578.15
12:14:16.900,0.0,0.0,0.0,0.0,2578.15
12:14:17.000,0.0,0.0,0.0,0.0,2578.15
12:14:17.100,0.0,0.0,0.0,0.0,2578.15
12:14:17.200,0.0,0.0,0.0,0.0,2578.15
12:14:17.300,0.0,0.0,0.0,0.0,2578.15
12:14:17.400,0.0,0.0,0.0,0.0,2578.15
12:14:17.500,0.0,0.0,0.0,0.0,2578.15
12:14:17.600,0.0,0.0,0.0,0.0,2578.15
12:14:17.700,0.0,0.0,0.0,0.0,2578.15
12:14:17.800,0.0,0.0,0.0,0.0,2578.15
12:14:17.900,0.0,0.0,0.0,0.0,2578.15
12:14:18.000,0.0,0.0,0.0,0.0,2578.15
12:14:18.100,0.0,0.0,0.0,0.0,2578.15
12:14:18.200,0.0,0.0,0.0,0.0,2578.15
12:14:18.300,0.0,0.0,0.0,0.0,2578.15
12:14:18.400,0.0,0.0,0.0,0.0,2578.15
12:14:18.500,0.0,0.0,0.0,0.0,2578.15
12:14:18.600,0.0,0.0,0.0,0.0,2578.15
12:14:18.700,0.0,0.0,0.0,0.0,2578.15
12:14:18.800,0.0,0.0,0.0,0.0,2578.15
12:14:18.900,0.0,0.0,0.0,0.0,2578.15
12:14:19.000,0.0,0.0,0.0,0.0,2578.15
12:14:19.100,0.0,0.0,0.0,0.0,2578.15
12:14:19.200,0.0,0.0,0.0,0.0,2578.15
12:14:19.300,0.0,0.0,0.0,0.0,2578.15
12:14:19.400,0.0,0.0,0.0,0.0,2578.15
12:14:19.500,0.0,0.0,0.0,0.0,2578.15
12:14:19.600,0.0,0.0,0.0,0.0,2578.15
12:14:19.700,0.0,0.0,0.0,0.0,2578.15
12:14:19.800,0.0,0.0,0.0,0.0,2578.15
12:14:19.900,0.0,0.0,0.0,0.0,2578.15
12:14:20.000,0.0,0.0,0.0,0.0,2578.15
12:14:20.100,0.0,0.0,0.0,0.0,2578.15
12:14:20.200,0.0,0.0,0.0,0.0,2578.15
12:14:20.300,0.0,0.0,0.0,0.0,2578.15
12:14:20.400,0.0,0.0,0.0,0.0,2578.15
12:14:20.500,0.0,0.0,0.0,0.0,2578.15
12:14:20.600,0.0,0.0,0.0,0.0,2578.15
12:14:20.700,0.0,0.0,0.0,0.0,2578.15
12:14:20.800,0.0,0.0,0.0,0.0,2578.15
12:14:20.900,0.0,0.0,0.0,0.0,2578.15
12:14:21.000,0.0,0.0,0.0,0.0,2578.15
12:14:21.100,0.0,0.0,0.0,0.0,2578.15
12:14:21.200,0.0,0.0,0.0,0.0,2578.15
12:14:21.300,0.0,0.0,0.0,0.0,2578.15
12:14:21.400,0.0,0.0,0.0,0.0,2578.15
12:14:21.500,0.0,0.0,0.0,0.0,2578.15
12:14:21.600,0.0,0.0,0.0,0.0,2578.15
12:14:21.700,0.0,0.0,0.0,0.0,2578.15
12:14:21.800,0.0,0.0,0.0,0.0,2578.15
12:14:21.900,0.0,0.0,0.0,0.0,2578.15
12:14:22.000,0.0,0.0,0.0,0.0,2578.15
12:14:22.100,0.0,0.0,0.0,0.0,2578.15
12:14:22.200,0.0,0.0,0.0,0.0,2578.15
12:14:22.300,0.0,0.0,0.0,0.0,2578.15
12:14:22.400,0.0,0.0,0.0,0.0,2578.15
12:14:22.500,0.0,0.0,0.0,0.0,2578.15
12:14:22.600,0.0,0.0,0.0,0.0,2578.15
12:14:22.700,0.0,0.0,0.0,0.0,2578.15
12:14:22.800,0.0,0.0,0.0,0.0,2578.15
12:14:22.900,0.0,0.0,0.0,0.0,2578.15
12:14:23.000,0.0,0.0,0.0,0.0,2578.15
12:14:23.100,0.0,0.0,0.0,0.0,2578.15
12:14:23.200,0.0,0.0,0.0,0.0,2578.15
12:14:23.300,0.0,0.0,0.0,0.0,2578.15
12:14:23.400,0.0,0.0,0.0,0.0,2578.15
12:14:23.500,0.0,0.0,0.0,0.0,2578.15
12:14:23.600,0.0,0.0,0.0,0.0,2578.15
12:14:23.700,0.0,0.0,0.0,0.0,2578.15
12:14:23.800,0.0,0.0,0.0,0.0,2578.15
12:14:23.900,0.0,0.0,0.0,0.0,2578.15
12:14:24.000,0.0,0.0,0.0,0.0,2578.15
12:14:24.100,0.0,0.0,0.0,0.0,2578.15
12:14:24.200,0.0,0.0,0.0,0.0,2578.15
12:14:24.300,0.0,0.0,0.0,0.0,2578.15
12:14:24.400,0.0,0.0,0.0,0.0,2578.15
12:14:24.500,0.0,0.0,0.0,0.0,2578.15
12:14:24.600,0.0,0.0,0.0,0.0,2578.15
12:14:24.700,0.0,0.0,0.0,0.0,2578.15
12:14:24.800,0.0,0.0,0.0,0.0,2578.15
12:14:24.900,0.0,0.0,0.0,0.0,2578.15
12:14:25.000,0.0,0.0,0.0,0.0,2578.15
12:14:25.100,0.0,0.0,0.0,0.0,2578.15
12:14:25.200,0.0,0.0,0.0,0.0,2578.15
12:14:25.300,0.0,0.0,0.0,0.0,2578.15
12:14:25.400,0.0,0.0,0.0,0.0,2578.15
12:14:25.500,0.0,0.0,0.0,0.0,2578.15
12:14:25.600,0.0,0.0,0.0,0.0,2578.15
12:14:25.700,0.0,0.0,0.0,0.0,2578.15
12:14:25.800,0.0,0.0,0.0,0.0,2578.15
12:14:25.900,0.0,0.0,0.0,0.0,2578.15
12:14:26.000,0.0,0.0,0.0,0.0,2578.15
12:14:26.100,0.0,0.0,0.0,0.0,2578.15
12:14:26.200,0.0,0.0,0.0,0.0,2578.15
12:14:26.300,0.0,0.0,0.0,0.0,2578.15
12:14:26.400,0.0,0.0,0.0,0.0,2578.15
12:14:26.500,0.0,0.0,0.0,0.0,2578.15
12:14:26.600,0.0,0.0,0.0,0.0,2578.15
12:14:26.700,0.0,0.0,0.0,0.0,2578.15
12:14:26.800,0.0,0.0,0.0,0.0,2578.15
12:14:26.900,0.0,0.0,0.0,0.0,2578.15
12:14:27.000,0.0,0.0,0.0,0.0,2578.15
12:14:27.100,0.0,0.0,0.0,0.0,2578.15
12:14:27.200,0.0,0.0,0.0,0.0,2578.15
12:14:27.300,0.0,0.0,0.0,0.0,2578.15
12:14:27.400,0.0,0.0,0.0,0.0,2578.15
12:14:27.500,0.0,0.0,0.0,0.0,2578.15
12:14:27.600,0.0,0.0,0.0,0.0,2578.15
12:14:27.700,0.0,0.0,0.0,0.0,2578.15
12:14:27.800,0.0,0.0,0.0,0.0,2578.15
12:14:27.900,0.0,0.0,0.0,0.0,2578.15
12:14:28.000,0.0,0.0,0.0,0.0,2578.15
12:14:28.100,0.0,0.0,0.0,0.0,2578.15
12:14:28.200,0.0,0.0,0.0,0.0,2578.15
12:14:28.300,0.0,0.0,0.0,0.0,2578.15
12:14:28.400,0.0,0.0,0.0,0.0,2578.15
12:14:28.500,0.0,0.0,0.0,0.0,2578.15
12:14:28.600,0.0,0.0,0.0,0.0,2578.15
12:14:28.700,0.0,0.0,0.0,0.0,2578.15
12:14:28.800,0.0,0.0,0.0,0.0,2578.15
12:14:28.900,0.0,0.0,0.0,0.0,2578.15
12:14:29.000,0.0,0.0,0.0,0.0,2578.15
12:14:29.100,0.0,0.0,0.0,0.0,2578.15
12:14:29.200,0.0,0.0,0.0,0.0,2578.15
12:14:29.300,0.0,0.0,0.0,0.0,2578.15
12:14:29.400,0.0,0.0,0.0,0.0,2578.15
12:14:29.500,0.0,0.0,0.0,0.0,2578.15
12:14:29.600,0.0,0.0,0.0,0.0,2578.15
12:14:29.700,0.0,0.0,0.0,0.0,2578.15
12:14:29.800,0.0,0.0,0.0,0.0,2578.15
12:14:29.900,0.0,0.0,0.0,0.0,2578.15
12:14:30.000,0.0,0.0,0.0,0.0,2578.15
12:14:30.100,0.0,0.0,0.0,0.0,2578.15
12:14:30.200,0.0,0.0,0.0,0.0,2578.15
12:14:30.300,0.0,0.0,0.0,0.0,2578.15
12:14:30.400,0.0,0.0,0.0,0.0,2578.15
12:14:30.500,0.0,0.0,0.0,0.0,2578.15
12:14:30.600,0.0,0.0,0.0,0.0,2578.15
12:14:30.700,0.0,0.0,0.0,0.0,2578.15
12:14:30.800,0.0,0.0,0.0,0.0,2578.15
12:14:30.900,0.0,0.0,0.0,0.0,2578.15
12:14:31.000,0.0,0.0,0.0,0.0,2578.15
12:14:31.100,0.0,0.0,0.0,0.0,2578.15
12:14:31.200,0.0,0.0,0.0,0.0,2578.15
12:14:31.300,0.0,0.0,0.0,0.0,2578.15
12:14:31.400,0.0,0.0,0.0,0.0,2578.15
12:14:31.500,0.0,0.0,0.0,0.0,2578.15
12:14:31.600,0.0,0.0,0.0,0.0,2578.15
12:14:31.700,0.0,0.0,0.0,0.0,2578.15
12:14:31.800,0.0,0.0,0.0,0.0,2578.15
12:14:31.900,0.0,0.0,0.0,0.0,2578.15
12:14:32.000,0.0,0.0,0.0,0.0,2578.15
12:14:32.100,0.0,0.0,0.0,0.0,2578.15
12:14:32.200,0.0,0.0,0.0,0.0,2578.15
12:14:32.300,0.0,0.0,0.0,0.0,2578.15
12:14:32.400,0.0,0.0,0.0,0.0,2578.15
12:14:32.500,0.0,0.0,0.0,0.0,2578.15
12:14:32.600,0.0,0.0,0.0,0.0,2578.15
12:14:32.700,0.0,0.0,0.0,0.0,2578.15
12:14:32.800,0.0,0.0,0.0,0.0,2578.15
12:14:32.900,0.0,0.0,0.0,0.0,2578.15
12:14:33.000,0.0,0.0,0.0,0.0,2578.15
12:14:33.100,0.0,0.0,0.0,0.0,2578.15
12:14:33.200,0.0,0.0,0.0,0.0,2578.15
12:14:33.300,0.0,0.0,0.0,0.0,2578.15
12:14:33.400,0.0,0.0,0.0,0.0,2578.15
12:14:33.500,0.0,0.0,0.0,0.0,2578.15
12:14:33.600,0.0,0.0,0.0,0.0,2578.15
12:14:33.700,0.0,0.0,0.0,0.0,2578.15
12:14:33.800,0.0,0.0,0.0,0.0,2578.15
12:14:33.900,0.0,0.0,0.0,0.0,2578.15
12:14:34.000,0.0,0.0,0.0,0.0,2578.15
12:14:34.100,0.0,0.0,0.0,0.0,2578.15
12:14:34.200,0.0,0.0,0.0,0.0,2578.15
12:14:34.300,0.0,0.0,0.0,0.0,2578.15
12:14:34.400,0.0,0.0,0.0,0.0,2578.15
12:14:34.500,0.0,0.0,0.0,0.0,2578.15
12:14:34.600,0.0,0.0,0.0,0.0,2578.15
12:14:34.700,0.0,0.0,0.0,0.0,2578.15
12:14:34.800,0.0,0.0,0.0,0.0,2578.15
12:14:34.900,0.0,0.0,0.0,0.0,2578.15
12:14:35.000,0.0,0.0,0.0,0.0,2578.15
12:14:35.100,0.0,0.0,0.0,0.0,2578.15
12:14:35.200,0.0,0.0,0.0,0.0,2578.15
12:14:35.300,0.0,0.0,0.0,0.0,2578.15
12:14:35.400,0.0,0.0,0.0,0.0,2578.15
12:14:35.500,0.0,0.0,0.0,0.0,2578.15
12:14:35.600,0.0,0.0,0.0,0.0,2578.15
12:14:35.700,0.0,0.0,0.0,0.0,2578.15
12:14:35.800,0.0,0.0,0.0,0.0,2578.15
12:14:35.900,0.0,0.0,0.0,0.0,2578.15
12:14:36.000,0.0,0.0,0.0,0.0,2578.15
12:14:36.100,0.0,0.0,0.0,0.0,2578.15
12:14:36.200,0.0,0.0,0.0,0.0,2578.15
12:14:36.300,0.0,0.0,0.0,0.0,2578.15
12:14:36.400,0.0,0.0,0.0,0.0,2578.15
12:14:36.500,0.0,0.0,0.0,0.0,2578.15
12:14:36.600,0.0,0.0,0.0,0.0,2578.15
12:14:36.700,0.0,0.0,0.0,0.0,2578.15
12:14:36.800,0.0,0.0,0.0,0.0,2578.15
12:14:36.900,0.0,0.0,0.0,0.0,2578.15
12:14:37.000,0.0,0.0,0.0,0.0,2578.15
12:14:37.100,0.0,0.0,0.0,0.0,2578.15
12:14:37.200,0.0,0.0,0.0,0.0,2578.15
12:14:37.300,0.0,0.0,0.0,0.0,2578.15
12:14:37.400,0.0,0.0,0.0,0.0,2578.15
12:14:37.500,0.0,0.0,0.0,0.0,2578.15
12:14:37.600,0.0,0.0,0.0,0.0,2578.15
12:14:37.700,0.0,0.0,0.0,0.0,2578.15
12:14:37.800,0.0,0.0,0.0,0.0,2578.15
12:14:37.900,0.0,0.0,0.0,0.0,2578.15
12:14:38.000,0.0,0.0,0.0,0.0,2578.15
12:14:38.100,0.0,0.0,0.0,0.0,2578.15
12:14:38.200,0.0,0.0,0.0,0.0,2578.15
12:14:38.300,0.0,0.0,0.0,0.0,2578.15
12:14:38.400,0.0,0.0,0.0,0.0,2578.15
12:14:38.500,0.0,0.0,0.0,0.0,2578.15
12:14:38.600,0.0,0.0,0.0,0.0,2578.15
12:14:38.700,0.0,0.0,0.0,0.0,2578.15
12:14:38.800,0.0,0.0,0.0,0.0,2578.15
12:14:38.900,0.0,0.0,0.0,0.0,2578.15
12:14:39.000,0.0,0.0,0.0,0.0,2578.15
12:14:39.100,0.0,0.0,0.0,0.0,2578.15
12:14:39.200,0.0,0.0,0.0,0.0,2578.15
12:14:39.300,0.0,0.0,0.0,0.0,2578.15
12:14:39.400,0.0,0.0,0.0,0.0,2578.15
12:14:39.500,0.0,0.0,0.0,0.0,2578.15
12:14:39.600,0.0,0.0,0.0,0.0,2578.15
12:14:39.700,0.0,0.0,0.0,0.0,2578.15
12:14:39.800,0.0,0.0,0.0,0.0,2578.15
12:14:39.900,0.0,0.0,0.0,0.0,2578.15
12:14:40.000,0.0,0.0,0.0,0.0,2578.15
12:14:40.100,0.0,0.0,0.0,0.0,2578.15
12:14:40.200,0.0,0.0,0.0,0.0,2578.15
12:14:40.300,0.0,0.0,0.0,0.0,2578.15
12:14:40.400,0.0,0.0,0.0,0.0,2578.15
12:14:40.500,0.0,0.0,0.0,0.0,2578.15
12:14:40.600,0.0,0.0,0.0,0.0,2578.15
12:14:40.700,0.0,0.0,0.0,0.0,2578.15
12:14:40.800,0.0,0.0,0.0,0.0,2578.15
12:14:40.900,0.0,0.0,0.0,0.0,2578.15
12:14:41.000,0.0,0.0,0.0,0.0,2578.15
12:14:41.100,0.0,0.0,0.0,0.0,2578.15
12:14:41.200,0.0,0.0,0.0,0.0,2578.15
12:14:41.300,0.0,0.0,0.0,0.0,2578.15
12:14:41.400,0.0,0.0,0.0,0.0,2578.15
12:14:41.500,0.0,0.0,0.0,0.0,2578.15
12:14:41.600,0.0,0.0,0.0,0.0,2578.15
12:14:41.700,0.0,0.0,0.0,0.0,2578.15
12:14:41.800,0.0,0.0,0.0,0.0,2578.15
12:14:41.900,0.0,0.0,0.0,0.0,2578.15
12:14:42.000,0.0,0.0,0.0,0.0,2578.15
12:14:42.100,0.0,0.0,0.0,0.0,2578.15
12:14:42.200,0.0,0.0,0.0,0.0,2578.15
12:14:42.300,0.0,0.0,0.0,0.0,2578.15
12:14:42.400,0.0,0.0,0.0,0.0,2578.15
12:14:42.500,0.0,0.0,0.0,0.0,2578.15
12:14:42.600,0.0,0.0,0.0,0.0,2578.15
12:14:42.700,0.0,0.0,0.0,0.0,2578.15
12:14:42.800,0.0,0.0,0.0,0.0,2578.15
12:14:42.900,0.0,0.0,0.0,0.0,2578.15
12:14:43.000,0.0,0.0,0.0,0.0,2578.15
12:14:43.100,0.0,0.0,0.0,0.0,2578.15
12:14:43.200,0.0,0.0,0.0,0.0,2578.15
12:14:43.300,0.0,0.0,0.0,0.0,2578.15
12:14:43.400,0.0,0.0,0.0,0.0,2578.15
12:14:43.500,0.0,0.0,0.0,0.0,2578.15
12:14:43.600,0.0,0.0,0.0,0.0,2578.15
12:14:43.700,0.0,0.0,0.0,0.0,2578.15
12:14:43.800,0.0,0.0,0.0,0.0,2578.15
12:14:43.900,0.0,0.0,0.0,0.0,2578.15
12:14:44.000,0.0,0.0,0.0,0.0,2578.15
12:14:44.100,0.0,0.0,0.0,0.0,2578.15
12:14:44.200,0.0,0.0,0.0,0.0,2578.15
12:14:44.300,0.0,0.0,0.0,0.0,2578.15
12:14:44.400,0.0,0.0,0.0,0.0,2578.15
12:14:44.500,0.0,0.0,0.0,0.0,2578.15
12:14:44.600,0.0,0.0,0.0,0.0,2578.15
12:14:44.700,0.0,0.0,0.0,0.0,2578.15
12:14:44.800,0.0,0.0,0.0,0.0,2578.15
12:14:44.900,0.0,0.0,0.0,0.0,2578.15
12:14:45.000,0.0,0.0,0.0,0.0,2578.15
12:14:45.100,0.0,0.0,0.0,0.0,2578.15
12:14:45.200,0.0,0.0,0.0,0.0,2578.15
12:14:45.300,0.0,0.0,0.0,0.0,2578.15
12:14:45.400,0.0,0.0,0.0,0.0,2578.15
12:14:45.500,0.0,0.0,0.0,0.0,2578.15
12:14:45.600,0.0,0.0,0.0,0.0,2578.15
12:14:45.700,0.0,0.0,0.0,0.0,2578.15
12:14:45.800,0.0,0.0,0.0,0.0,2578.15
12:14:45.900,0.0,0.0,0.0,0.0,2578.15
12:14:46.000,0.0,0.0,0.0,0.0,2578.15
12:14:46.100,0.0,0.0,0.0,0.0,2578.15
12:14:46.200,0.0,0.0,0.0,0.0,2578.15
12:14:46.300,0.0,0.0,0.0,0.0,2578.15
12:14:46.400,0.0,0.0,0.0,0.0,2578.15
12:14:46.500,0.0,0.0,0.0,0.0,2578.15
12:14:46.600,0.0,0.0,0.0,0.0,2578.15
12:14:46.700,0.0,0.0,0.0,0.0,2578.15
12:14:46.800,0.0,0.0,0.0,0.0,2578.15
12:14:46.900,0.0,0.0,0.0,0.0,2578.15
12:14:47.000,0.0,0.0,0.0,0.0,2578.15
12:14:47.100,0.0,0.0,0.0,0.0,2578.15
12:14:47.200,0.0,0.0,0.0,0.0,2578.15
12:14:47.300,0.0,0.0,0.0,0.0,2578.15
12:14:47.400,0.0,0.0,0.0,0.0,2578.15
12:14:47.500,0.0,0.0,0.0,0.0,2578.15
12:14:47.600,0.0,0.0,0.0,0.0,2578.15
12:14:47.700,0.0,0.0,0.0,0.0,2578.15
12:14:47.800,0.0,0.0,0.0,0.0,2578.15
12:14:47.900,0.0,0.0,0.0,0.0,2578.15
12:14:48.000,0.0,0.0,0.0,0.0,2578.15
12:14:48.100,0.0,0.0,0.0,0.0,2578.15
12:14:48.200,0.0,0.0,0.0,0.0,2578.15
12:14:48.300,0.0,0.0,0.0,0.0,2578.15
12:14:48.400,0.0,0.0,0.0,0.0,2578.15
12:14:48.500,0.0,0.0,0.0,0.0,2578.15
12:14:48.600,0.0,0.0,0.0,0.0,2578.15
12:14:48.700,0.0,0.0,0.0,0.0,2578.15
12:14:48.800,0.0,0.0,0.0,0.0,2578.15
12:14:48.900,0.0,0.0,0.0,0.0,2578.15
12:14:49.000,0.0,0.0,0.0,0.0,2578.15
12:14:49.100,0.0,0.0,0.0,0.0,2578.15
12:14:49.200,0.0,0.0,0.0,0.0,2578.15
12:14:49.300,0.0,0.0,0.0,0.0,2578.15
12:14:49.400,0.0,0.0,0.0,0.0,2578.15
12:14:49.500,0.0,0.0,0.0,0.0,2578.15
12:14:49.600,0.0,0.0,0.0,0.0,2578.15
12:14:49.700,0.0,0.0,0.0,0.0,2578.15
12:14:49.800,0.0,0.0,0.0,0.0,2578.15
12:14:49.900,0.0,0.0,0.0,0.0,2578.15
12:14:50.000,0.0,0.0,0.0,0.0,2578.15
12:14:50.100,0.0,0.0,0.0,0.0,2578.15
12:14:50.200,0.0,0.0,0.0,0.0,2578.15
12:14:50.300,0.0,0.0,0.0,0.0,2578.15
12:14:50.400,0.0,0.0,0.0,0.0,2578.15
12:14:50.500,0.0,0.0,0.0,0.0,2578.15
12:14:50.600,0.0,0.0,0.0,0.0,2578.15
12:14:50.700,0.0,0.0,0.0,0.0,2578.15
12:14:50.800,0.0,0.0,0.0,0.0,2578.15
12:14:50.900,0.0,0.0,0.0,0.0,2578.15
12:14:51.000,0.0,0.0,0.0,0.0,2578.15
12:14:51.100,0.0,0.0,0.0,0.0,2578.15
12:14:51.200,0.0,0.0,0.0,0.0,2578.15
12:14:51.300,0.0,0.0,0.0,0.0,2578.15
12:14:51.400,0.0,0.0,0.0,0.0,2578.15
12:14:51.500,0.0,0.0,0.0,0.0,2578.15
12:14:51.600,0.0,0.0,0.0,0.0,2578.15
12:14:51.700,0.0,0.0,0.0,0.0,2578.15
12:14:51.800,0.0,0.0,0.0,0.0,2578.15
12:14:51.900,0.0,0.0,0.0,0.0,2578.15
12:14:52.000,0.0,0.0,0.0,0.0,2578.15
12:14:52.100,0.0,0.0,0.0,0.0,2578.15
12:14:52.200,0.0,0.0,0.0,0.0,2578.15
12:14:52.300,0.0,0.0,0.0,0.0,2578.15
12:14:52.400,0.0,0.0,0.0,0.0,2578.15
12:14:52.500,0.0,0.0,0.0,0.0,2578.15
12:14:52.600,0.0,0.0,0.0,0.0,2578.15
12:14:52.700,0.0,0.0,0.0,0.0,2578.15
12:14:52.800,0.0,0.0,0.0,0.0,2578.15
12:14:52.900,0.0,0.0,0.0,0.0,2578.15
12:14:53.000,0.0,0.0,0.0,0.0,2578.15
12:14:53.100,0.0,0.0,0.0,0.0,2578.15
12:14:53.200,0.0,0.0,0.0,0.0,2578.15
12:14:53.300,0.0,0.0,0.0,0.0,2578.15
12:14:53.400,0.0,0.0,0.0,0.0,2578.15
12:14:53.500,0.0,0.0,0.0,0.0,2578.15
12:14:53.600,0.0,0.0,0.0,0.0,2578.15
12:14:53.700,0.0,0.0,0.0,0.0,2578.15
12:14:53.800,0.0,0.0,0.0,0.0,2578.15
12:14:53.900,0.0,0.0,0.0,0.0,2578.15
12:14:54.000,0.0,0.0,0.0,0.0,2578.15
12:14:54.100,0.0,0.0,0.0,0.0,2578.15
12:14:54.200,0.0,0.0,0.0,0.0,2578.15
12:14:54.300,0.0,0.0,0.0,0.0,2578.15
12:14:54.400,0.0,0.0,0.0,0.0,2578.15
12:14:54.500,0.0,0.0,0.0,0.0,2578.15
12:14:54.600,0.0,0.0,0.0,0.0,2578.15
12:14:54.700,0.0,0.0,0.0,0.0,2578.15
12:14:54.800,0.0,0.0,0.0,0.0,2578.15
12:14:54.900,0.0,0.0,0.0,0.0,2578.15
12:14:55.000,0.0,0.0,0.0,0.0,2578.15
12:14:55.100,0.0,0.0,0.0,0.0,2578.15
12:14:55.200,0.0,0.0,0.0,0.0,2578.15
12:14:55.300,0.0,0.0,0.0,0.0,2578.15
12:14:55.400,0.0,0.0,0.0,0.0,2578.15
12:14:55.500,0.0,0.0,0.0,0.0,2578.15
12:14:55.600,0.0,0.0,0.0,0.0,2578.15
12:14:55.700,0.0,0.0,0.0,0.0,2578.15
12:14:55.800,0.0,0.0,0.0,0.0,2578.15
12:14:55.900,0.0,0.0,0.0,0.0,2578.15
12:14:56.000,0.0,0.0,0.0,0.0,2578.15
12:14:56.100,0.0,0.0,0.0,0.0,2578.15
12:14:56.200,0.0,0.0,0.0,0.0,2578.15
12:14:56.300,0.0,0.0,0.0,0.0,2578.15
12:14:56.400,0.0,0.0,0.0,0.0,2578.15
12:14:56.500,0.0,0.0,0.0,0.0,2578.15
12:14:56.600,0.0,0.0,0.0,0.0,2578.15
12:14:56.700,0.0,0.0,0.0,0.0,2578.15
12:14:56.800,0.0,0.0,0.0,0.0,2578.15
12:14:56.900,0.0,0.0,0.0,0.0,2578.15
12:14:57.000,0.0,0.0,0.0,0.0,2578.15
12:14:57.100,0.0,0.0,0.0,0.0,2578.15
12:14:57.200,0.0,0.0,0.0,0.0,2578.15
12:14:57.300,0.0,0.0,0.0,0.0,2578.15
12:14:57.400,0.0,0.0,0.0,0.0,2578.15
12:14:57.500,0.0,0.0,0.0,0.0,2578.15
12:14:57.600,0.0,0.0,0.0,0.0,2578.15
12:14:57.700,0.0,0.0,0.0,0.0,2578.15
12:14:57.800,0.0,0.0,0.0,0.0,2578.15
12:14:57.900,0.0,0.0,0.0,0.0,2578.15
12:14:58.000,0.0,0.0,0.0,0.0,2578.15
12:14:58.100,0.0,0.0,0.0,0.0,2578.15
12:14:58.200,0.0,0.0,0.0,0.0,2578.15
12:14:58.300,0.0,0.0,0.0,0.0,2578.15
12:14:58.400,0.0,0.0,0.0,0.0,2578.15
12:14:58.500,0.0,0.0,0.0,0.0,2578.15
12:14:58.600,0.0,0.0,0.0,0.0,2578.15
12:14:58.700,0.0,0.0,0.0,0.0,2578.15
12:14:58.800,0.0,0.0,0.0,0.0,2578.15
12:14:58.900,0.0,0.0,0.0,0.0,2578.15
12:14:59.000,0.0,0.0,0.0,0.0,2578.15
12:14:59.100,0.0,0.0,0.0,0.0,2578.15
12:14:59.200,0.0,0.0,0.0,0.0,2578.15
12:14:59.300,0.0,0.0,0.0,0.0,2578.15
12:14:59.400,0.0,0.0,0.0,0.0,2578.15
12:14:59.500,0.0,0.0,0.0,0.0,2578.15
12:14:59.600,0.0,0.0,0.0,0.0,2578.15
12:14:59.700,0.0,0.0,0.0,0.0,2578.15
12:14:59.800,0.0,0.0,0.0,0.0,2578.15
12:14:59.900,0.0,0.0,0.0,0.0,2578.15
12:15:00.000,0.0,0.0,0.0,0.0,2578.15
12:15:00.100,0.0,0.0,0.0,0.0,2578.15
12:15:00.200,0.0,0.0,0.0,0.0,2578.15
12:15:00.300,0.0,0.0,0.0,0.0,2578.15
12:15:00.400,0.0,0.0,0.0,0.0,2578.15
12:15:00.500,0.0,0.0,0.0,0.0,2578.15
12:15:00.600,0.0,0.0,0.0,0.0,2578.15
12:15:00.700,0.0,0.0,0.0,0.0,2578.15
12:15:00.800,0.0,0.0,0.0,0.0,2578.15
12:15:00.900,0.0,0.0,0.0,0.0,2578.15
12:15:01.000,0.0,0.0,0.0,0.0,2578.15
12:15:01.100,0.0,0.0,0.0,0.0,2578.15
12:15:01.200,0.0,0.0,0.0,0.0,2578.15
12:15:01.300,0.0,0.0,0.0,0.0,2578.15
12:15:01.400,0.0,0.0,0.0,0.0,2578.15
12:15:01.500,0.0,0.0,0.0,0.0,2578.15
12:15:01.600,0.0,0.0,0.0,0.0,2578.15
12:15:01.700,0.0,0.0,0.0,0.0,2578.15
12:15:01.800,0.0,0.0,0.0,0.0,2578.15
12:15:01.900,0.0,0.0,0.0,0.0,2578.15
12:15:02.000,0.0,0.0,0.0,0.0,2578.15
12:15:02.100,0.0,0.0,0.0,0.0,2578.15
12:15:02.200,0.0,0.0,0.0,0.0,2578.15
12:15:02.300,0.0,0.0,0.0,0.0,2578.15
12:15:02.400,0.0,0.0,0.0,0.0,2578.15
12:15:02.500,0.0,0.0,0.0,0.0,2578.15
12:15:02.600,0.0,0.0,0.0,0.0,2578.15
12:15:02.700,0.0,0.0,0.0,0.0,2578.15
12:15:02.800,0.0,0.0,0.0,0.0,2578.15
12:15:02.900,0.0,0.0,0.0,0.0,2578.15
12:15:03.000,0.0,0.0,0.0,0.0,2578.15
12:15:03.100,0.0,0.0,0.0,0.0,2578.15
12:15:03.200,0.0,0.0,0.0,0.0,2578.15
12:15:03.300,0.0,0.0,0.0,0.0,2578.15
12:15:03.400,0.0,0.0,0.0,0.0,2578.15
12:15:03.500,0.0,0.0,0.0,0.0,2578.15
12:15:03.600,0.0,0.0,0.0,0.0,2578.15
12:15:03.700,0.0,0.0,0.0,0.0,2578.15
12:15:03.800,0.0,0.0,0.0,0.0,2578.15
12:15:03.900,0.0,0.0,0.0,0.0,2578.15
12:15:04.000,0.0,0.0,0.0,0.0,2578.15
12:15:04.100,0.0,0.0,0.0,0.0,2578.15
12:15:04.200,0.0,0.0,0.0,0.0,2578.15
12:15:04.300,0.0,0.0,0.0,0.0,2578.15
12:15:04.400,0.0,0.0,0.0,0.0,2578.15
12:15:04.500,0.0,0.0,0.0,0.0,2578.15
12:15:04.600,0.0,0.0,0.0,0.0,2578.15
12:15:04.700,0.0,0.0,0.0,0.0,2578.15
12:15:04.800,0.0,0.0,0.0,0.0,2578.15
12:15:04.900,0.0,0.0,0.0,0.0,2578.15
12:15:05.000,0.0,0.0,0.0,0.0,2578.15
12:15:05.100,0.0,0.0,0.0,0.0,2578.15
12:15:05.200,0.0,0.0,0.0,0.0,2578.15
12:15:05.300,0.0,0.0,0.0,0.0,2578.15
12:15:05.400,0.0,0.0,0.0,0.0,2578.15
12:15:05.500,0.0,0.0,0.0,0.0,2578.15
12:15:05.600,0.0,0.0,0.0,0.0,2578.15
12:15:05.700,0.0,0.0,0.0,0.0,2578.15
12:15:05.800,0.0,0.0,0.0,0.0,2578.15
12:15:05.900,0.0,0.0,0.0,0.0,2578.15
12:15:06.000,0.0,0.0,0.0,0.0,2578.15
12:15:06.100,0.0,0.0,0.0,0.0,2578.15
12:15:06.200,0.0,0.0,0.0,0.0,2578.15
12:15:06.300,0.0,0.0,0.0,0.0,2578.15
12:15:06.400,0.0,0.0,0.0,0.0,2578.15
12:15:06.500,0.0,0.0,0.0,0.0,2578.15
12:15:06.600,0.0,0.0,0.0,0.0,2578.15
12:15:06.700,0.0,0.0,0.0,0.0,2578.15
12:15:06.800,0.0,0.0,0.0,0.0,2578.15
12:15:06.900,0.0,0.0,0.0,0.0,2578.15
12:15:07.000,0.0,0.0,0.0,0.0,2578.15
12:15:07.100,0.0,0.0,0.0,0.0,2578.15
12:15:07.200,0.0,0.0,0.0,0.0,2578.15
12:15:07.300,0.0,0.0,0.0,0.0,2578.15
12:15:07.400,0.0,0.0,0.0,0.0,2578.15
12:15:07.500,0.0,0.0,0.0,0.0,2578.15
12:15:07.600,0.0,0.0,0.0,0.0,2578.15
12:15:07.700,0.0,0.0,0.0,0.0,2578.15
12:15:07.800,0.0,0.0,0.0,0.0,2578.15
12:15:07.900,0.0,0.0,0.0,0.0,2578.15
12:15:08.000,0.0,0.0,0.0,0.0,2578.15
12:15:08.100,0.0,0.0,0.0,0.0,2578.15
12:15:08.200,0.0,0.0,0.0,0.0,2578.15
12:15:08.300,0.0,0.0,0.0,0.0,2578.15
12:15:08.400,0.0,0.0,0.0,0.0,2578.15
12:15:08.500,0.0,0.0,0.0,0.0,2578.15
12:15:08.600,0.0,0.0,0.0,0.0,2578.15
12:15:08.700,0.0,0.0,0.0,0.0,2578.15
12:15:08.800,0.0,0.0,0.0,0.0,2578.15
12:15:08.900,0.0,0.0,0.0,0.0,2578.15
12:15:09.000,0.0,0.0,0.0,0.0,2578.15
12:15:09.100,0.0,0.0,0.0,0.0,2578.15
12:15:09.200,0.0,0.0,0.0,0.0,2578.15
12:15:09.300,0.0,0.0,0.0,0.0,2578.15
12:15:09.400,0.0,0.0,0.0,0.0,2578.15
12:15:09.500,0.0,0.0,0.0,0.0,2578.15
12:15:09.600,0.0,0.0,0.0,0.0,2578.15
12:15:09.700,0.0,0.0,0.0,0.0,2578.15
12:15:09.800,0.0,0.0,0.0,0.0,2578.15
12:15:09.900,0.0,0.0,0.0,0.0,2578.15
12:15:10.000,0.0,0.0,0.0,0.0,2578.15
12:15:10.100,0.0,0.0,0.0,0.0,2578.15
12:15:10.200,0.0,0.0,0.0,0.0,2578.15
12:15:10.300,0.0,0.0,0.0,0.0,2578.15
12:15:10.400,0.0,0.0,0.0,0.0,2578.15
12:15:10.500,0.0,0.0,0.0,0.0,2578.15
12:15:10.600,0.0,0.0,0.0,0.0,2578.15
12:15:10.700,0.0,0.0,0.0,0.0,2578.15
12:15:10.800,0.0,0.0,0.0,0.0,2578.15
12:15:10.900,0.0,0.0,0.0,0.0,2578.15
12:15:11.000,0.0,0.0,0.0,0.0,2578.15
12:15:11.100,0.0,0.0,0.0,0.0,2578.15
12:15:11.200,0.0,0.0,0.0,0.0,2578.15
12:15:11.300,0.0,0.0,0.0,0.0,2578.15
12:15:11.400,0.0,0.0,0.0,0.0,2578.15
12:15:11.500,0.0,0.0,0.0,0.0,2578.15
12:15:11.600,0.0,0.0,0.0,0.0,2578.15
12:15:11.700,0.0,0.0,0.0,0.0,2578.15
12:15:11.800,0.0,0.0,0.0,0.0,2578.15
12:15:11.900,0.0,0.0,0.0,0.0,2578.15
12:15:12.000,0.0,0.0,0.0,0.0,2578.15
12:15:12.100,0.0,0.0,0.0,0.0,2578.15
12:15:12.200,0.0,0.0,0.0,0.0,2578.15
12:15:12.300,0.0,0.0,0.0,0.0,2578.15
12:15:12.400,0.0,0.0,0.0,0.0,2578.15
12:15:12.500,0.0,0.0,0.0,0.0,2578.15
12:15:12.600,0.0,0.0,0.0,0.0,2578.15
12:15:12.700,0.0,0.0,0.0,0.0,2578.15
12:15:12.800,0.0,0.0,0.0,0.0,2578.15
12:15:12.900,0.0,0.0,0.0,0.0,2578.15
12:15:13.000,0.0,0.0,0.0,0.0,2578.15
12:15:13.100,0.0,0.0,0.0,0.0,2578.15
12:15:13.200,0.0,0.0,0.0,0.0,2578.15
12:15:13.300,0.0,0.0,0.0,0.0,2578.15
12:15:13.400,0.0,0.0,0.0,0.0,2578.15
12:15:13.500,0.0,0.0,0.0,0.0,2578.15
12:15:13.600,0.0,0.0,0.0,0.0,2578.15
12:15:13.700,0.0,0.0,0.0,0.0,2578.15
12:15:13.800,0.0,0.0,0.0,0.0,2578.15
12:15:13.900,0.0,0.0,0.0,0.0,2578.15
12:15:14.000,0.0,0.0,0.0,0.0,2578.15
12:15:14.100,0.0,0.0,0.0,0.0,2578.15
12:15:14.200,0.0,0.0,0.0,0.0,2578.15
12:15:14.300,0.0,0.0,0.0,0.0,2578.15
12:15:14.400,0.0,0.0,0.0,0.0,2578.15
12:15:14.500,0.0,0.0,0.0,0.0,2578.15
12:15:14.600,0.0,0.0,0.0,0.0,2578.15
12:15:14.700,0.0,0.0,0.0,0.0,2578.15
12:15:14.800,0.0,0.0,0.0,0.0,2578.15
12:15:14.900,0.0,0.0,0.0,0.0,2578.15
12:15:15.000,0.0,0.0,0.0,0.0,2578.15
12:15:15.100,0.0,0.0,0.0,0.0,2578.15
12:15:15.200,0.0,0.0,0.0,0.0,2578.15
12:15:15.300,0.0,0.0,0.0,0.0,2578.15
12:15:15.400,0.0,0.0,0.0,0.0,2578.15
12:15:15.500,0.0,0.0,0.0,0.0,2578.15
12:15:15.600,0.0,0.0,0.0,0.0,2578.15
12:15:15.700,0.0,0.0,0.0,0.0,2578.15
12:15:15.800,0.0,0.0,0.0,0.0,2578.15
12:15:15.900,0.0,0.0,0.0,0.0,2578.15
12:15:16.000,0.0,0.0,0.0,0.0,2578.15
